Pays bénéficiaire,Année,Produit,Valeur
Afghanistan,2013,Autres non-céréales,682
Afghanistan,2014,Autres non-céréales,335
Afghanistan,2013,Blé et Farin,39224
Afghanistan,2014,Blé et Farin,15160
Afghanistan,2013,Céréales,40504
Afghanistan,2014,Céréales,15989
Afghanistan,2013,"Fruits secs, total",85
Afghanistan,2013,Huiles végétales,11087
Afghanistan,2014,Huiles végétales,8185
Afghanistan,2013,"Légumineuses Sèches,Tot.",11761
Afghanistan,2014,"Légumineuses Sèches,Tot.",4010
Afghanistan,2013,Non-céréales,23615
Afghanistan,2014,Non-céréales,12618
Afghanistan,2013,"Riz, total",1280
Afghanistan,2014,"Riz, total",829
Afghanistan,2014,"Sucre, total",88
Algérie,2013,Autres non-céréales,252
Algérie,2014,Autres non-céréales,205
Algérie,2015,Autres non-céréales,4
Algérie,2013,Céréales,10030
Algérie,2014,Céréales,4933
Algérie,2015,Céréales,3512
Algérie,2016,Céréales,3766
Algérie,2013,Céréales Secondaires,2862
Algérie,2014,Céréales Secondaires,2280
Algérie,2015,Céréales Secondaires,1311
Algérie,2016,Céréales Secondaires,1178
Algérie,2013,"Fruits secs, total",204
Algérie,2015,"Fruits secs, total",252
Algérie,2016,"Fruits secs, total",252
Algérie,2013,Huiles végétales,1030
Algérie,2014,Huiles végétales,1050
Algérie,2013,"Lait, total",350
Algérie,2014,"Lait, total",582
Algérie,2015,"Lait, total",500
Algérie,2013,"Légumineuses Sèches,Tot.",4111
Algérie,2014,"Légumineuses Sèches,Tot.",2240
Algérie,2015,"Légumineuses Sèches,Tot.",3026
Algérie,2016,"Légumineuses Sèches,Tot.",360
Algérie,2013,Mélanges et préparations,3112
Algérie,2014,Mélanges et préparations,1731
Algérie,2015,Mélanges et préparations,559
Algérie,2016,Mélanges et préparations,855
Algérie,2013,Non-céréales,7587
Algérie,2014,Non-céréales,4557
Algérie,2015,Non-céréales,5200
Algérie,2016,Non-céréales,972
Algérie,2013,"Riz, total",4056
Algérie,2014,"Riz, total",922
Algérie,2015,"Riz, total",1642
Algérie,2016,"Riz, total",1733
Algérie,2013,"Sucre, total",1640
Algérie,2014,"Sucre, total",480
Algérie,2015,"Sucre, total",1418
Algérie,2016,"Sucre, total",360
Angola,2014,Autres non-céréales,7
Angola,2013,Céréales,2500
Angola,2013,Mélanges et préparations,2500
Angola,2014,Non-céréales,7
Bangladesh,2013,Blé et Farin,56709
Bangladesh,2014,Blé et Farin,91350
Bangladesh,2015,Blé et Farin,9740
Bangladesh,2013,Céréales,59954
Bangladesh,2014,Céréales,94706
Bangladesh,2015,Céréales,10609
Bangladesh,2013,"Fruits secs, total",515
Bangladesh,2015,"Fruits secs, total",486
Bangladesh,2013,Huiles végétales,2335
Bangladesh,2014,Huiles végétales,1371
Bangladesh,2015,Huiles végétales,111
Bangladesh,2013,"Légumineuses Sèches,Tot.",2044
Bangladesh,2014,"Légumineuses Sèches,Tot.",1194
Bangladesh,2015,"Légumineuses Sèches,Tot.",65
Bangladesh,2013,Mélanges et préparations,2004
Bangladesh,2014,Mélanges et préparations,1528
Bangladesh,2015,Mélanges et préparations,869
Bangladesh,2013,Non-céréales,5555
Bangladesh,2014,Non-céréales,2608
Bangladesh,2015,Non-céréales,662
Bangladesh,2013,Poiss&produi,580
Bangladesh,2013,"Riz, total",1241
Bangladesh,2014,"Riz, total",1828
Bangladesh,2013,"Sucre, total",81
Bangladesh,2014,"Sucre, total",43
Bénin,2013,Autres non-céréales,45
Bénin,2014,Autres non-céréales,50
Bénin,2013,Céréales,8490
Bénin,2015,Céréales,1439
Bénin,2016,"Fruits secs, total",72
Bénin,2015,Huiles végétales,260
Bénin,2013,"Légumineuses Sèches,Tot.",276
Bénin,2014,"Légumineuses Sèches,Tot.",286
Bénin,2015,"Légumineuses Sèches,Tot.",194
Bénin,2015,Mélanges et préparations,679
Bénin,2013,Non-céréales,321
Bénin,2014,Non-céréales,336
Bénin,2015,Non-céréales,454
Bénin,2016,Non-céréales,72
Bénin,2013,"Riz, total",8490
Bénin,2015,"Riz, total",760
Bhoutan,2013,Céréales,537
Bhoutan,2013,Huiles végétales,127
Bhoutan,2014,Huiles végétales,73
Bhoutan,2015,Huiles végétales,91
Bhoutan,2016,Huiles végétales,109
Bhoutan,2013,"Légumineuses Sèches,Tot.",198
Bhoutan,2015,"Légumineuses Sèches,Tot.",198
Bhoutan,2013,Non-céréales,325
Bhoutan,2014,Non-céréales,73
Bhoutan,2015,Non-céréales,289
Bhoutan,2016,Non-céréales,109
Bhoutan,2013,"Riz, total",537
Bolivie (État plurinational de),2014,Autres non-céréales,3
Bolivie (État plurinational de),2014,Non-céréales,3
Burkina Faso,2013,Autres non-céréales,507
Burkina Faso,2014,Autres non-céréales,283
Burkina Faso,2015,Autres non-céréales,27
Burkina Faso,2013,Blé et Farin,10
Burkina Faso,2014,Blé et Farin,7
Burkina Faso,2013,Céréales,6381
Burkina Faso,2014,Céréales,9605
Burkina Faso,2015,Céréales,9066
Burkina Faso,2013,Céréales Secondaires,827
Burkina Faso,2014,Céréales Secondaires,1032
Burkina Faso,2015,Céréales Secondaires,158
Burkina Faso,2015,"Fruits secs, total",126
Burkina Faso,2016,"Fruits secs, total",36
Burkina Faso,2013,Huiles végétales,758
Burkina Faso,2014,Huiles végétales,692
Burkina Faso,2015,Huiles végétales,590
Burkina Faso,2013,"Légumineuses Sèches,Tot.",1664
Burkina Faso,2014,"Légumineuses Sèches,Tot.",889
Burkina Faso,2015,"Légumineuses Sèches,Tot.",1782
Burkina Faso,2013,Mélanges et préparations,4876
Burkina Faso,2014,Mélanges et préparations,1793
Burkina Faso,2015,Mélanges et préparations,3538
Burkina Faso,2013,Non-céréales,2929
Burkina Faso,2014,Non-céréales,1864
Burkina Faso,2015,Non-céréales,2525
Burkina Faso,2016,Non-céréales,36
Burkina Faso,2013,"Riz, total",668
Burkina Faso,2014,"Riz, total",6773
Burkina Faso,2015,"Riz, total",5370
Burundi,2014,Autres non-céréales,185
Burundi,2015,Autres non-céréales,110
Burundi,2013,Blé et Farin,13667
Burundi,2013,Céréales,24992
Burundi,2014,Céréales,4271
Burundi,2015,Céréales,5648
Burundi,2013,Céréales Secondaires,3092
Burundi,2014,Céréales Secondaires,3152
Burundi,2015,Céréales Secondaires,745
Burundi,2013,Huiles végétales,770
Burundi,2014,Huiles végétales,350
Burundi,2015,Huiles végétales,390
Burundi,2013,"Légumineuses Sèches,Tot.",809
Burundi,2014,"Légumineuses Sèches,Tot.",699
Burundi,2015,"Légumineuses Sèches,Tot.",270
Burundi,2013,Mélanges et préparations,3098
Burundi,2014,Mélanges et préparations,1119
Burundi,2015,Mélanges et préparations,4903
Burundi,2013,Non-céréales,1694
Burundi,2014,Non-céréales,1234
Burundi,2015,Non-céréales,820
Burundi,2013,"Riz, total",5135
Burundi,2013,"Sucre, total",115
Burundi,2015,"Sucre, total",50
Cambodge,2013,Autres non-céréales,50
Cambodge,2014,Autres non-céréales,75
Cambodge,2015,Autres non-céréales,22
Cambodge,2013,Céréales,4306
Cambodge,2014,Céréales,4644
Cambodge,2015,Céréales,279
Cambodge,2013,Huiles végétales,336
Cambodge,2014,Huiles végétales,449
Cambodge,2015,Huiles végétales,204
Cambodge,2013,"Légumineuses Sèches,Tot.",569
Cambodge,2014,"Légumineuses Sèches,Tot.",382
Cambodge,2015,"Légumineuses Sèches,Tot.",522
Cambodge,2013,Mélanges et préparations,1695
Cambodge,2014,Mélanges et préparations,710
Cambodge,2013,Non-céréales,1181
Cambodge,2014,Non-céréales,1392
Cambodge,2015,Non-céréales,1088
Cambodge,2013,Poiss&produi,226
Cambodge,2014,Poiss&produi,486
Cambodge,2015,Poiss&produi,340
Cambodge,2013,"Riz, total",2611
Cambodge,2014,"Riz, total",3934
Cambodge,2015,"Riz, total",279
Cameroun,2013,Autres non-céréales,472
Cameroun,2014,Autres non-céréales,643
Cameroun,2015,Autres non-céréales,811
Cameroun,2013,Céréales,1700
Cameroun,2014,Céréales,5302
Cameroun,2015,Céréales,12475
Cameroun,2013,Céréales Secondaires,968
Cameroun,2014,Céréales Secondaires,2038
Cameroun,2015,"Fruits secs, total",134
Cameroun,2013,Huiles végétales,164
Cameroun,2014,Huiles végétales,175
Cameroun,2015,Huiles végétales,569
Cameroun,2016,Huiles végétales,289
Cameroun,2013,"Légumineuses Sèches,Tot.",117
Cameroun,2014,"Légumineuses Sèches,Tot.",697
Cameroun,2015,"Légumineuses Sèches,Tot.",1982
Cameroun,2013,Mélanges et préparations,452
Cameroun,2014,Mélanges et préparations,708
Cameroun,2015,Mélanges et préparations,239
Cameroun,2013,Non-céréales,753
Cameroun,2014,Non-céréales,1540
Cameroun,2015,Non-céréales,3680
Cameroun,2016,Non-céréales,289
Cameroun,2013,"Riz, total",280
Cameroun,2014,"Riz, total",2556
Cameroun,2015,"Riz, total",12236
Cameroun,2014,"Sucre, total",25
Cameroun,2015,"Sucre, total",184
"Chine, continentale",2014,Céréales,649
"Chine, continentale",2014,Huiles végétales,0
"Chine, continentale",2014,Non-céréales,0
"Chine, continentale",2014,"Riz, total",649
Colombie,2013,Céréales,2190
Colombie,2014,Céréales,3335
Colombie,2015,Céréales,1672
Colombie,2016,Céréales,1963
Colombie,2013,Huiles végétales,1020
Colombie,2014,Huiles végétales,858
Colombie,2015,Huiles végétales,800
Colombie,2013,"Légumineuses Sèches,Tot.",2373
Colombie,2015,"Légumineuses Sèches,Tot.",849
Colombie,2016,"Légumineuses Sèches,Tot.",770
Colombie,2013,Non-céréales,3531
Colombie,2014,Non-céréales,1263
Colombie,2015,Non-céréales,1649
Colombie,2016,Non-céréales,770
Colombie,2013,"Riz, total",2190
Colombie,2014,"Riz, total",3335
Colombie,2015,"Riz, total",1672
Colombie,2016,"Riz, total",1963
Colombie,2013,"Sucre, total",138
Colombie,2014,"Sucre, total",405
Comores,2013,Céréales,3903
Comores,2013,"Riz, total",3903
Congo,2013,Autres non-céréales,136
Congo,2014,Autres non-céréales,140
Congo,2015,Autres non-céréales,26
Congo,2013,Céréales,2755
Congo,2014,Céréales,2260
Congo,2015,Céréales,2567
Congo,2013,Céréales Secondaires,1311
Congo,2014,Céréales Secondaires,172
Congo,2013,Huiles végétales,18
Congo,2014,Huiles végétales,508
Congo,2015,Huiles végétales,91
Congo,2013,"Légumineuses Sèches,Tot.",767
Congo,2014,"Légumineuses Sèches,Tot.",1366
Congo,2015,"Légumineuses Sèches,Tot.",170
Congo,2014,Mélanges et préparations,198
Congo,2013,Non-céréales,1262
Congo,2014,Non-céréales,2198
Congo,2015,Non-céréales,433
Congo,2013,Poiss&produi,341
Congo,2014,Poiss&produi,184
Congo,2015,Poiss&produi,146
Congo,2013,"Riz, total",1444
Congo,2014,"Riz, total",1890
Congo,2015,"Riz, total",2567
Côte d'Ivoire,2013,Autres non-céréales,67
Côte d'Ivoire,2014,Autres non-céréales,104
Côte d'Ivoire,2015,Autres non-céréales,108
Côte d'Ivoire,2013,Céréales,7416
Côte d'Ivoire,2014,Céréales,4521
Côte d'Ivoire,2015,Céréales,5297
Côte d'Ivoire,2016,Céréales,4323
Côte d'Ivoire,2015,"Fruits secs, total",900
Côte d'Ivoire,2013,Huiles végétales,2084
Côte d'Ivoire,2015,Huiles végétales,19
Côte d'Ivoire,2016,Huiles végétales,70
Côte d'Ivoire,2013,"Légumineuses Sèches,Tot.",1724
Côte d'Ivoire,2014,"Légumineuses Sèches,Tot.",336
Côte d'Ivoire,2013,Mélanges et préparations,525
Côte d'Ivoire,2014,Mélanges et préparations,647
Côte d'Ivoire,2015,Mélanges et préparations,197
Côte d'Ivoire,2013,Non-céréales,3875
Côte d'Ivoire,2014,Non-céréales,440
Côte d'Ivoire,2015,Non-céréales,1027
Côte d'Ivoire,2016,Non-céréales,70
Côte d'Ivoire,2013,"Riz, total",6891
Côte d'Ivoire,2014,"Riz, total",3874
Côte d'Ivoire,2015,"Riz, total",5100
Côte d'Ivoire,2016,"Riz, total",4323
Cuba,2014,Autres non-céréales,7
Cuba,2015,Autres non-céréales,8
Cuba,2013,Céréales,450
Cuba,2015,Céréales,2698
Cuba,2013,Huiles végétales,112
Cuba,2015,"Lait, total",150
Cuba,2013,"Légumineuses Sèches,Tot.",235
Cuba,2015,"Légumineuses Sèches,Tot.",1277
Cuba,2015,Mélanges et préparations,305
Cuba,2013,Non-céréales,347
Cuba,2014,Non-céréales,7
Cuba,2015,Non-céréales,1435
Cuba,2013,"Riz, total",450
Cuba,2015,"Riz, total",2393
Djibouti,2013,Autres non-céréales,41
Djibouti,2014,Autres non-céréales,50
Djibouti,2013,Blé et Farin,5930
Djibouti,2014,Blé et Farin,4217
Djibouti,2015,Blé et Farin,384
Djibouti,2013,Céréales,9076
Djibouti,2014,Céréales,7542
Djibouti,2015,Céréales,1558
Djibouti,2013,Céréales Secondaires,1300
Djibouti,2014,Céréales Secondaires,2030
Djibouti,2015,Céréales Secondaires,800
Djibouti,2013,"Fruits secs, total",68
Djibouti,2015,"Fruits secs, total",126
Djibouti,2014,Huiles végétales,386
Djibouti,2013,"Légumineuses Sèches,Tot.",838
Djibouti,2014,"Légumineuses Sèches,Tot.",518
Djibouti,2015,"Légumineuses Sèches,Tot.",190
Djibouti,2013,Mélanges et préparations,1021
Djibouti,2014,Mélanges et préparations,970
Djibouti,2015,Mélanges et préparations,274
Djibouti,2013,Non-céréales,1108
Djibouti,2014,Non-céréales,1002
Djibouti,2015,Non-céréales,362
Djibouti,2013,"Riz, total",825
Djibouti,2014,"Riz, total",325
Djibouti,2015,"Riz, total",100
Djibouti,2013,"Sucre, total",161
Djibouti,2014,"Sucre, total",48
Djibouti,2015,"Sucre, total",46
Égypte,2013,"Fruits secs, total",561
Égypte,2013,Non-céréales,561
El Salvador,2013,Céréales,1005
El Salvador,2014,Céréales,38
El Salvador,2015,Céréales,497
El Salvador,2016,Céréales,596
El Salvador,2014,Huiles végétales,172
El Salvador,2015,Huiles végétales,198
El Salvador,2014,Mélanges et préparations,38
El Salvador,2015,Mélanges et préparations,497
El Salvador,2014,Non-céréales,172
El Salvador,2015,Non-céréales,198
El Salvador,2013,"Riz, total",1005
El Salvador,2016,"Riz, total",596
Équateur,2013,Céréales,345
Équateur,2013,Huiles végétales,103
Équateur,2013,"Légumineuses Sèches,Tot.",233
Équateur,2013,Non-céréales,336
Équateur,2013,"Riz, total",345
Éthiopie,2013,Autres non-céréales,170
Éthiopie,2014,Autres non-céréales,466
Éthiopie,2015,Autres non-céréales,244
Éthiopie,2013,Blé et Farin,181066
Éthiopie,2014,Blé et Farin,178646
Éthiopie,2015,Blé et Farin,74090
Éthiopie,2013,BulgurFarEnt,2939
Éthiopie,2014,BulgurFarEnt,2490
Éthiopie,2013,Céréales,256196
Éthiopie,2014,Céréales,265013
Éthiopie,2015,Céréales,86482
Éthiopie,2013,Céréales Secondaires,45040
Éthiopie,2014,Céréales Secondaires,70890
Éthiopie,2015,Céréales Secondaires,7880
Éthiopie,2013,"Fruits secs, total",459
Éthiopie,2015,"Fruits secs, total",162
Éthiopie,2013,Huiles végétales,9604
Éthiopie,2014,Huiles végétales,7088
Éthiopie,2015,Huiles végétales,1826
Éthiopie,2013,"Légumineuses Sèches,Tot.",27916
Éthiopie,2014,"Légumineuses Sèches,Tot.",20232
Éthiopie,2015,"Légumineuses Sèches,Tot.",10519
Éthiopie,2013,Mélanges et préparations,21470
Éthiopie,2014,Mélanges et préparations,12752
Éthiopie,2015,Mélanges et préparations,4512
Éthiopie,2013,Non-céréales,39506
Éthiopie,2014,Non-céréales,28299
Éthiopie,2015,Non-céréales,15151
Éthiopie,2013,"Riz, total",5681
Éthiopie,2014,"Riz, total",235
Éthiopie,2013,"Sucre, total",1357
Éthiopie,2014,"Sucre, total",513
Éthiopie,2015,"Sucre, total",2400
Gambie,2013,Céréales,3941
Gambie,2014,Céréales,665
Gambie,2015,Céréales,120
Gambie,2013,Huiles végétales,347
Gambie,2014,Huiles végétales,36
Gambie,2015,Huiles végétales,97
Gambie,2013,"Légumineuses Sèches,Tot.",766
Gambie,2014,"Légumineuses Sèches,Tot.",115
Gambie,2015,"Légumineuses Sèches,Tot.",308
Gambie,2016,"Légumineuses Sèches,Tot.",168
Gambie,2013,Mélanges et préparations,1941
Gambie,2014,Mélanges et préparations,240
Gambie,2015,Mélanges et préparations,120
Gambie,2013,Non-céréales,1113
Gambie,2014,Non-céréales,151
Gambie,2015,Non-céréales,405
Gambie,2016,Non-céréales,168
Gambie,2013,"Riz, total",2000
Gambie,2014,"Riz, total",425
Géorgie,2013,Autres non-céréales,3
Géorgie,2014,Autres non-céréales,4
Géorgie,2013,Blé et Farin,2
Géorgie,2013,Céréales,4
Géorgie,2014,Céréales,2
Géorgie,2013,Huiles végétales,6
Géorgie,2014,Huiles végétales,7
Géorgie,2014,"Légumineuses Sèches,Tot.",2
Géorgie,2013,Non-céréales,13
Géorgie,2014,Non-céréales,16
Géorgie,2013,"Riz, total",2
Géorgie,2014,"Riz, total",2
Géorgie,2013,"Sucre, total",3
Géorgie,2014,"Sucre, total",3
Géorgie,2013,Viande Total,1
Ghana,2014,Autres non-céréales,2
Ghana,2013,Céréales,1727
Ghana,2014,Céréales,3621
Ghana,2015,Céréales,1252
Ghana,2013,Huiles végétales,429
Ghana,2014,Huiles végétales,435
Ghana,2013,"Légumineuses Sèches,Tot.",322
Ghana,2013,Mélanges et préparations,602
Ghana,2014,Mélanges et préparations,3071
Ghana,2015,Mélanges et préparations,1002
Ghana,2013,Non-céréales,751
Ghana,2014,Non-céréales,462
Ghana,2015,Non-céréales,25
Ghana,2013,"Riz, total",1125
Ghana,2014,"Riz, total",550
Ghana,2015,"Riz, total",250
Ghana,2014,"Sucre, total",25
Ghana,2015,"Sucre, total",25
Guatemala,2014,Blé et Farin,210
Guatemala,2015,Blé et Farin,270
Guatemala,2013,Céréales,10736
Guatemala,2014,Céréales,5248
Guatemala,2015,Céréales,4792
Guatemala,2016,Céréales,355
Guatemala,2014,Céréales Secondaires,699
Guatemala,2015,Céréales Secondaires,350
Guatemala,2013,Huiles végétales,1189
Guatemala,2014,Huiles végétales,1286
Guatemala,2015,Huiles végétales,1010
Guatemala,2013,"Légumineuses Sèches,Tot.",14388
Guatemala,2014,"Légumineuses Sèches,Tot.",5390
Guatemala,2015,"Légumineuses Sèches,Tot.",4721
Guatemala,2016,"Légumineuses Sèches,Tot.",348
Guatemala,2013,Mélanges et préparations,2369
Guatemala,2014,Mélanges et préparations,1720
Guatemala,2015,Mélanges et préparations,1303
Guatemala,2016,Mélanges et préparations,355
Guatemala,2013,Non-céréales,15577
Guatemala,2014,Non-céréales,6676
Guatemala,2015,Non-céréales,5731
Guatemala,2016,Non-céréales,348
Guatemala,2013,"Riz, total",8367
Guatemala,2014,"Riz, total",2619
Guatemala,2015,"Riz, total",2869
Guinée,2013,Autres non-céréales,57
Guinée,2014,Autres non-céréales,69
Guinée,2015,Autres non-céréales,297
Guinée,2014,BulgurFarEnt,78
Guinée,2013,Céréales,2281
Guinée,2014,Céréales,6150
Guinée,2015,Céréales,4786
Guinée,2015,"Fruits secs, total",54
Guinée,2013,Huiles végétales,515
Guinée,2014,Huiles végétales,779
Guinée,2015,Huiles végétales,3049
Guinée,2013,"Légumineuses Sèches,Tot.",511
Guinée,2014,"Légumineuses Sèches,Tot.",1849
Guinée,2015,"Légumineuses Sèches,Tot.",2456
Guinée,2013,Mélanges et préparations,306
Guinée,2014,Mélanges et préparations,1587
Guinée,2015,Mélanges et préparations,956
Guinée,2013,Non-céréales,1083
Guinée,2014,Non-céréales,2697
Guinée,2015,Non-céréales,5879
Guinée,2013,"Riz, total",1975
Guinée,2014,"Riz, total",4485
Guinée,2015,"Riz, total",3830
Guinée,2015,"Sucre, total",23
Guinée-Bissau,2013,Autres non-céréales,731
Guinée-Bissau,2014,Autres non-céréales,118
Guinée-Bissau,2013,Céréales,4337
Guinée-Bissau,2014,Céréales,2496
Guinée-Bissau,2015,Céréales,692
Guinée-Bissau,2013,Huiles végétales,1027
Guinée-Bissau,2014,Huiles végétales,146
Guinée-Bissau,2015,Huiles végétales,415
Guinée-Bissau,2013,"Légumineuses Sèches,Tot.",1559
Guinée-Bissau,2014,"Légumineuses Sèches,Tot.",459
Guinée-Bissau,2015,"Légumineuses Sèches,Tot.",275
Guinée-Bissau,2013,Mélanges et préparations,812
Guinée-Bissau,2014,Mélanges et préparations,1946
Guinée-Bissau,2015,Mélanges et préparations,517
Guinée-Bissau,2013,Non-céréales,3409
Guinée-Bissau,2014,Non-céréales,1213
Guinée-Bissau,2015,Non-céréales,690
Guinée-Bissau,2014,Poiss&produi,490
Guinée-Bissau,2013,"Riz, total",3525
Guinée-Bissau,2014,"Riz, total",550
Guinée-Bissau,2015,"Riz, total",175
Guinée-Bissau,2013,"Sucre, total",92
Haïti,2013,Autres non-céréales,396
Haïti,2014,Autres non-céréales,254
Haïti,2015,Autres non-céréales,175
Haïti,2016,Autres non-céréales,105
Haïti,2013,BulgurFarEnt,3908
Haïti,2014,BulgurFarEnt,780
Haïti,2015,BulgurFarEnt,771
Haïti,2016,BulgurFarEnt,3544
Haïti,2013,Céréales,23158
Haïti,2014,Céréales,12440
Haïti,2015,Céréales,3421
Haïti,2016,Céréales,4005
Haïti,2013,Huiles végétales,2218
Haïti,2014,Huiles végétales,1315
Haïti,2015,Huiles végétales,231
Haïti,2016,Huiles végétales,516
Haïti,2013,"Lait, total",17
Haïti,2013,"Légumineuses Sèches,Tot.",4613
Haïti,2014,"Légumineuses Sèches,Tot.",2545
Haïti,2015,"Légumineuses Sèches,Tot.",1006
Haïti,2016,"Légumineuses Sèches,Tot.",1605
Haïti,2013,Mélanges et préparations,8080
Haïti,2014,Mélanges et préparations,1010
Haïti,2016,Mélanges et préparations,461
Haïti,2013,Non-céréales,7449
Haïti,2014,Non-céréales,4114
Haïti,2015,Non-céréales,1412
Haïti,2016,Non-céréales,2226
Haïti,2013,"Riz, total",11170
Haïti,2014,"Riz, total",10650
Haïti,2015,"Riz, total",2650
Haïti,2013,"Sucre, total",205
Honduras,2013,Céréales,10770
Honduras,2014,Céréales,3238
Honduras,2015,Céréales,4072
Honduras,2016,Céréales,753
Honduras,2016,"Fruits secs, total",331
Honduras,2013,Huiles végétales,2798
Honduras,2014,Huiles végétales,1540
Honduras,2015,Huiles végétales,1880
Honduras,2016,Huiles végétales,558
Honduras,2014,"Légumineuses Sèches,Tot.",521
Honduras,2015,"Légumineuses Sèches,Tot.",301
Honduras,2016,"Légumineuses Sèches,Tot.",604
Honduras,2013,Mélanges et préparations,2895
Honduras,2014,Mélanges et préparations,2269
Honduras,2015,Mélanges et préparations,2772
Honduras,2016,Mélanges et préparations,443
Honduras,2013,Non-céréales,2798
Honduras,2014,Non-céréales,2061
Honduras,2015,Non-céréales,2181
Honduras,2016,Non-céréales,1493
Honduras,2013,"Riz, total",7875
Honduras,2014,"Riz, total",969
Honduras,2015,"Riz, total",1300
Honduras,2016,"Riz, total",310
Iran (République islamique d'),2013,Céréales,500
Iran (République islamique d'),2014,Céréales,325
Iran (République islamique d'),2015,Céréales,200
Iran (République islamique d'),2013,Huiles végétales,196
Iran (République islamique d'),2014,Huiles végétales,312
Iran (République islamique d'),2013,"Légumineuses Sèches,Tot.",327
Iran (République islamique d'),2014,"Légumineuses Sèches,Tot.",75
Iran (République islamique d'),2016,"Légumineuses Sèches,Tot.",241
Iran (République islamique d'),2013,Non-céréales,569
Iran (République islamique d'),2014,Non-céréales,412
Iran (République islamique d'),2015,Non-céréales,46
Iran (République islamique d'),2016,Non-céréales,291
Iran (République islamique d'),2013,"Riz, total",500
Iran (République islamique d'),2014,"Riz, total",325
Iran (République islamique d'),2015,"Riz, total",200
Iran (République islamique d'),2013,"Sucre, total",46
Iran (République islamique d'),2014,"Sucre, total",25
Iran (République islamique d'),2015,"Sucre, total",46
Iran (République islamique d'),2016,"Sucre, total",50
Iraq,2013,Autres non-céréales,169
Iraq,2015,Autres non-céréales,1001
Iraq,2013,Céréales,139
Iraq,2014,Céréales,465
Iraq,2013,Huiles végétales,8
Iraq,2013,"Légumineuses Sèches,Tot.",13
Iraq,2013,Non-céréales,194
Iraq,2015,Non-céréales,1001
Iraq,2013,"Riz, total",139
Iraq,2014,"Riz, total",465
Iraq,2013,"Sucre, total",4
Jordanie,2013,Autres non-céréales,5
Jordanie,2015,Autres non-céréales,1
Jordanie,2013,Blé et Farin,35
Jordanie,2015,Blé et Farin,1370
Jordanie,2013,BulgurFarEnt,594
Jordanie,2014,BulgurFarEnt,141
Jordanie,2013,Céréales,2209
Jordanie,2014,Céréales,3541
Jordanie,2015,Céréales,1370
Jordanie,2013,Huiles végétales,1039
Jordanie,2014,Huiles végétales,454
Jordanie,2013,"Lait, total",91
Jordanie,2013,"Légumineuses Sèches,Tot.",876
Jordanie,2014,"Légumineuses Sèches,Tot.",386
Jordanie,2013,Mélanges et préparations,321
Jordanie,2013,Non-céréales,2527
Jordanie,2014,Non-céréales,840
Jordanie,2015,Non-céréales,1651
Jordanie,2013,Poiss&produi,3
Jordanie,2013,"Riz, total",1259
Jordanie,2014,"Riz, total",3400
Jordanie,2013,"Sucre, total",513
Jordanie,2015,"Sucre, total",1650
Kenya,2014,Autres non-céréales,22
Kenya,2015,Autres non-céréales,140
Kenya,2013,Blé et Farin,34520
Kenya,2014,Blé et Farin,37940
Kenya,2015,Blé et Farin,25809
Kenya,2014,BulgurFarEnt,11507
Kenya,2013,Céréales,92906
Kenya,2014,Céréales,92993
Kenya,2015,Céréales,45899
Kenya,2013,Céréales Secondaires,52400
Kenya,2014,Céréales Secondaires,43546
Kenya,2015,Céréales Secondaires,20090
Kenya,2013,"Fruits secs, total",306
Kenya,2015,"Fruits secs, total",324
Kenya,2013,Huiles végétales,1900
Kenya,2014,Huiles végétales,4768
Kenya,2015,Huiles végétales,50
Kenya,2014,"Lait, total",125
Kenya,2013,"Légumineuses Sèches,Tot.",15325
Kenya,2014,"Légumineuses Sèches,Tot.",10801
Kenya,2015,"Légumineuses Sèches,Tot.",10813
Kenya,2013,Mélanges et préparations,1348
Kenya,2013,Non-céréales,17577
Kenya,2014,Non-céréales,15716
Kenya,2015,Non-céréales,11327
Kenya,2013,"Riz, total",4638
Kenya,2013,"Sucre, total",46
Kirghizistan,2013,Blé et Farin,360
Kirghizistan,2014,Blé et Farin,380
Kirghizistan,2015,Blé et Farin,180
Kirghizistan,2013,Céréales,540
Kirghizistan,2014,Céréales,570
Kirghizistan,2015,Céréales,270
Kirghizistan,2013,Huiles végétales,399
Kirghizistan,2014,Huiles végétales,50
Kirghizistan,2015,Huiles végétales,40
Kirghizistan,2013,"Légumineuses Sèches,Tot.",80
Kirghizistan,2014,"Légumineuses Sèches,Tot.",80
Kirghizistan,2015,"Légumineuses Sèches,Tot.",40
Kirghizistan,2013,Non-céréales,479
Kirghizistan,2014,Non-céréales,130
Kirghizistan,2015,Non-céréales,80
Kirghizistan,2013,"Riz, total",180
Kirghizistan,2014,"Riz, total",190
Kirghizistan,2015,"Riz, total",90
Lesotho,2014,Blé et Farin,470
Lesotho,2013,Céréales,1175
Lesotho,2014,Céréales,1539
Lesotho,2013,Huiles végétales,91
Lesotho,2014,Huiles végétales,208
Lesotho,2015,Huiles végétales,111
Lesotho,2013,"Légumineuses Sèches,Tot.",81
Lesotho,2014,"Légumineuses Sèches,Tot.",373
Lesotho,2015,"Légumineuses Sèches,Tot.",720
Lesotho,2013,Mélanges et préparations,1175
Lesotho,2014,Mélanges et préparations,1069
Lesotho,2013,Non-céréales,308
Lesotho,2014,Non-céréales,765
Lesotho,2015,Non-céréales,1525
Lesotho,2013,Poiss&produi,136
Lesotho,2015,Poiss&produi,569
Lesotho,2014,"Sucre, total",184
Lesotho,2015,"Sucre, total",125
Liban,2013,Autres non-céréales,2
Liban,2013,Céréales,776
Liban,2014,"Fruits secs, total",390
Liban,2016,"Fruits secs, total",800
Liban,2013,Huiles végétales,848
Liban,2014,Huiles végétales,320
Liban,2013,"Légumineuses Sèches,Tot.",698
Liban,2014,"Légumineuses Sèches,Tot.",350
Liban,2013,Non-céréales,1551
Liban,2014,Non-céréales,1060
Liban,2016,Non-céréales,800
Liban,2013,"Riz, total",776
Liban,2013,"Sucre, total",3
Libéria,2013,Autres non-céréales,2
Libéria,2014,Autres non-céréales,1
Libéria,2013,BulgurFarEnt,80
Libéria,2014,BulgurFarEnt,420
Libéria,2013,Céréales,8520
Libéria,2014,Céréales,879
Libéria,2014,Huiles végétales,201
Libéria,2013,"Légumineuses Sèches,Tot.",70
Libéria,2014,"Légumineuses Sèches,Tot.",250
Libéria,2013,Mélanges et préparations,380
Libéria,2014,Mélanges et préparations,459
Libéria,2013,Non-céréales,72
Libéria,2014,Non-céréales,452
Libéria,2013,"Riz, total",8060
Libye,2014,Autres non-céréales,298
Libye,2015,Autres non-céréales,2139
Libye,2016,Autres non-céréales,2207
Libye,2014,Non-céréales,298
Libye,2015,Non-céréales,2139
Libye,2016,Non-céréales,2207
Madagascar,2013,Autres non-céréales,5
Madagascar,2014,Autres non-céréales,80
Madagascar,2015,Autres non-céréales,9
Madagascar,2013,Céréales,18721
Madagascar,2014,Céréales,9499
Madagascar,2015,Céréales,11218
Madagascar,2013,Céréales Secondaires,9758
Madagascar,2014,Céréales Secondaires,6627
Madagascar,2015,Céréales Secondaires,7190
Madagascar,2013,Huiles végétales,3422
Madagascar,2014,Huiles végétales,500
Madagascar,2015,Huiles végétales,512
Madagascar,2013,"Légumineuses Sèches,Tot.",2043
Madagascar,2014,"Légumineuses Sèches,Tot.",888
Madagascar,2015,"Légumineuses Sèches,Tot.",1442
Madagascar,2013,Mélanges et préparations,1918
Madagascar,2014,Mélanges et préparations,1035
Madagascar,2015,Mélanges et préparations,1774
Madagascar,2013,Non-céréales,5470
Madagascar,2014,Non-céréales,1468
Madagascar,2015,Non-céréales,1963
Madagascar,2013,"Riz, total",7045
Madagascar,2014,"Riz, total",1837
Madagascar,2015,"Riz, total",2254
Malawi,2013,Autres non-céréales,63
Malawi,2014,Autres non-céréales,154
Malawi,2015,Autres non-céréales,74
Malawi,2013,Blé et Farin,15000
Malawi,2013,Céréales,18103
Malawi,2014,Céréales,11327
Malawi,2015,Céréales,3053
Malawi,2013,Huiles végétales,6078
Malawi,2014,Huiles végétales,49
Malawi,2015,Huiles végétales,1027
Malawi,2013,"Légumineuses Sèches,Tot.",2479
Malawi,2014,"Légumineuses Sèches,Tot.",695
Malawi,2015,"Légumineuses Sèches,Tot.",1549
Malawi,2016,"Légumineuses Sèches,Tot.",860
Malawi,2013,Mélanges et préparations,3103
Malawi,2014,Mélanges et préparations,11327
Malawi,2015,Mélanges et préparations,3053
Malawi,2013,Non-céréales,8620
Malawi,2014,Non-céréales,898
Malawi,2015,Non-céréales,2650
Malawi,2016,Non-céréales,860
Mali,2013,Autres non-céréales,853
Mali,2014,Autres non-céréales,706
Mali,2015,Autres non-céréales,66
Mali,2013,Blé et Farin,1674
Mali,2014,Blé et Farin,10000
Mali,2013,BulgurFarEnt,2868
Mali,2013,Céréales,24688
Mali,2014,Céréales,19146
Mali,2015,Céréales,1665
Mali,2013,Huiles végétales,6955
Mali,2014,Huiles végétales,2107
Mali,2015,Huiles végétales,2420
Mali,2013,"Légumineuses Sèches,Tot.",7747
Mali,2014,"Légumineuses Sèches,Tot.",6163
Mali,2015,"Légumineuses Sèches,Tot.",2277
Mali,2013,Mélanges et préparations,3802
Mali,2014,Mélanges et préparations,8317
Mali,2015,Mélanges et préparations,1665
Mali,2013,Non-céréales,15555
Mali,2014,Non-céréales,8976
Mali,2015,Non-céréales,4763
Mali,2013,"Riz, total",16344
Mali,2014,"Riz, total",829
Mauritanie,2013,Autres non-céréales,89
Mauritanie,2014,Autres non-céréales,169
Mauritanie,2015,Autres non-céréales,67
Mauritanie,2015,Blé et Farin,2040
Mauritanie,2013,Céréales,8456
Mauritanie,2014,Céréales,3166
Mauritanie,2015,Céréales,6028
Mauritanie,2016,Céréales,1493
Mauritanie,2013,"Fruits secs, total",153
Mauritanie,2015,"Fruits secs, total",504
Mauritanie,2016,"Fruits secs, total",72
Mauritanie,2013,Huiles végétales,957
Mauritanie,2014,Huiles végétales,2437
Mauritanie,2015,Huiles végétales,268
Mauritanie,2013,"Légumineuses Sèches,Tot.",3133
Mauritanie,2014,"Légumineuses Sèches,Tot.",1116
Mauritanie,2015,"Légumineuses Sèches,Tot.",483
Mauritanie,2013,Mélanges et préparations,1560
Mauritanie,2014,Mélanges et préparations,358
Mauritanie,2015,Mélanges et préparations,2393
Mauritanie,2013,Non-céréales,4332
Mauritanie,2014,Non-céréales,3722
Mauritanie,2015,Non-céréales,1322
Mauritanie,2016,Non-céréales,72
Mauritanie,2013,"Riz, total",6896
Mauritanie,2014,"Riz, total",2808
Mauritanie,2015,"Riz, total",1595
Mauritanie,2016,"Riz, total",1493
Mozambique,2013,Céréales,7908
Mozambique,2014,Céréales,2209
Mozambique,2015,Céréales,1619
Mozambique,2013,Céréales Secondaires,504
Mozambique,2013,Huiles végétales,11070
Mozambique,2014,Huiles végétales,6500
Mozambique,2013,Mélanges et préparations,7404
Mozambique,2014,Mélanges et préparations,2209
Mozambique,2015,Mélanges et préparations,1619
Mozambique,2013,Non-céréales,11070
Mozambique,2014,Non-céréales,6500
Myanmar,2014,Autres non-céréales,5
Myanmar,2013,Céréales,714
Myanmar,2014,Céréales,691
Myanmar,2015,Céréales,1221
Myanmar,2013,Huiles végétales,2410
Myanmar,2014,Huiles végétales,1873
Myanmar,2015,Huiles végétales,2356
Myanmar,2013,Mélanges et préparations,714
Myanmar,2014,Mélanges et préparations,610
Myanmar,2015,Mélanges et préparations,1221
Myanmar,2013,Non-céréales,2410
Myanmar,2014,Non-céréales,1883
Myanmar,2015,Non-céréales,2356
Myanmar,2014,"Riz, total",81
Myanmar,2014,"Sucre, total",5
Népal,2015,Autres non-céréales,23
Népal,2013,Céréales,5283
Népal,2014,Céréales,150
Népal,2015,Céréales,5498
Népal,2016,Céréales,1362
Népal,2013,Huiles végétales,377
Népal,2014,Huiles végétales,275
Népal,2015,Huiles végétales,452
Népal,2016,Huiles végétales,380
Népal,2013,"Légumineuses Sèches,Tot.",474
Népal,2014,"Légumineuses Sèches,Tot.",220
Népal,2015,"Légumineuses Sèches,Tot.",520
Népal,2013,Mélanges et préparations,2647
Népal,2015,Mélanges et préparations,4028
Népal,2016,Mélanges et préparations,1232
Népal,2013,Non-céréales,915
Népal,2014,Non-céréales,495
Népal,2015,Non-céréales,995
Népal,2016,Non-céréales,380
Népal,2013,"Riz, total",2636
Népal,2014,"Riz, total",150
Népal,2015,"Riz, total",1470
Népal,2016,"Riz, total",130
Népal,2013,"Sucre, total",64
Nicaragua,2013,Autres non-céréales,368
Nicaragua,2014,Autres non-céréales,190
Nicaragua,2014,Blé et Farin,290
Nicaragua,2015,Blé et Farin,18800
Nicaragua,2013,Céréales,4509
Nicaragua,2014,Céréales,3143
Nicaragua,2015,Céréales,19445
Nicaragua,2016,Céréales,638
Nicaragua,2015,Céréales Secondaires,170
Nicaragua,2013,"Fruits secs, total",136
Nicaragua,2015,"Fruits secs, total",72
Nicaragua,2016,"Fruits secs, total",234
Nicaragua,2013,Huiles végétales,3923
Nicaragua,2014,Huiles végétales,4189
Nicaragua,2015,Huiles végétales,4180
Nicaragua,2013,"Lait, total",200
Nicaragua,2014,"Lait, total",150
Nicaragua,2015,"Lait, total",225
Nicaragua,2013,"Légumineuses Sèches,Tot.",6390
Nicaragua,2014,"Légumineuses Sèches,Tot.",9380
Nicaragua,2015,"Légumineuses Sèches,Tot.",294
Nicaragua,2013,Mélanges et préparations,1873
Nicaragua,2014,Mélanges et préparations,1423
Nicaragua,2015,Mélanges et préparations,150
Nicaragua,2016,Mélanges et préparations,497
Nicaragua,2013,Non-céréales,11017
Nicaragua,2014,Non-céréales,13909
Nicaragua,2015,Non-céréales,4771
Nicaragua,2016,Non-céréales,234
Nicaragua,2013,"Riz, total",2636
Nicaragua,2014,"Riz, total",1430
Nicaragua,2015,"Riz, total",325
Nicaragua,2016,"Riz, total",141
Niger,2013,Autres non-céréales,1149
Niger,2014,Autres non-céréales,1230
Niger,2015,Autres non-céréales,22
Niger,2016,Autres non-céréales,19
Niger,2013,BulgurFarEnt,5274
Niger,2014,BulgurFarEnt,2748
Niger,2015,BulgurFarEnt,2619
Niger,2013,Céréales,26716
Niger,2014,Céréales,27096
Niger,2015,Céréales,21534
Niger,2016,Céréales,40386
Niger,2013,Huiles végétales,1351
Niger,2014,Huiles végétales,1916
Niger,2015,Huiles végétales,1945
Niger,2016,Huiles végétales,1043
Niger,2013,"Légumineuses Sèches,Tot.",2144
Niger,2014,"Légumineuses Sèches,Tot.",2871
Niger,2015,"Légumineuses Sèches,Tot.",3827
Niger,2016,"Légumineuses Sèches,Tot.",4923
Niger,2013,Mélanges et préparations,10383
Niger,2014,Mélanges et préparations,12740
Niger,2015,Mélanges et préparations,9994
Niger,2016,Mélanges et préparations,5861
Niger,2013,Non-céréales,4644
Niger,2014,Non-céréales,6017
Niger,2015,Non-céréales,5794
Niger,2016,Non-céréales,5985
Niger,2013,"Riz, total",11059
Niger,2014,"Riz, total",11608
Niger,2015,"Riz, total",8921
Niger,2016,"Riz, total",34525
Ouganda,2015,Autres non-céréales,4
Ouganda,2013,Céréales,8356
Ouganda,2014,Céréales,13359
Ouganda,2015,Céréales,1578
Ouganda,2013,Céréales Secondaires,6435
Ouganda,2014,Céréales Secondaires,10375
Ouganda,2015,Céréales Secondaires,1578
Ouganda,2013,Huiles végétales,681
Ouganda,2014,Huiles végétales,2144
Ouganda,2015,Huiles végétales,470
Ouganda,2013,"Légumineuses Sèches,Tot.",1800
Ouganda,2014,"Légumineuses Sèches,Tot.",2768
Ouganda,2015,"Légumineuses Sèches,Tot.",1105
Ouganda,2013,Mélanges et préparations,1803
Ouganda,2014,Mélanges et préparations,2984
Ouganda,2013,Non-céréales,2527
Ouganda,2014,Non-céréales,4912
Ouganda,2015,Non-céréales,1579
Ouganda,2013,"Riz, total",118
Ouganda,2013,"Sucre, total",46
Pakistan,2013,Autres non-céréales,9
Pakistan,2014,Autres non-céréales,530
Pakistan,2015,Autres non-céréales,530
Pakistan,2013,Céréales,29141
Pakistan,2014,Céréales,32889
Pakistan,2013,"Fruits secs, total",158
Pakistan,2014,"Fruits secs, total",150
Pakistan,2013,Huiles végétales,7193
Pakistan,2014,Huiles végétales,10776
Pakistan,2015,Huiles végétales,9190
Pakistan,2013,"Légumineuses Sèches,Tot.",14181
Pakistan,2014,"Légumineuses Sèches,Tot.",10789
Pakistan,2013,Mélanges et préparations,2963
Pakistan,2014,Mélanges et préparations,6005
Pakistan,2013,Non-céréales,21541
Pakistan,2014,Non-céréales,22245
Pakistan,2015,Non-céréales,9720
Pakistan,2013,"Riz, total",26178
Pakistan,2014,"Riz, total",26884
Palestine,2013,Blé et Farin,20167
Palestine,2014,Blé et Farin,35208
Palestine,2015,Blé et Farin,15390
Palestine,2013,Céréales,20167
Palestine,2014,Céréales,35208
Palestine,2015,Céréales,15390
Palestine,2013,Huiles végétales,2998
Palestine,2014,Huiles végétales,2484
Palestine,2015,Huiles végétales,468
Palestine,2013,"Légumineuses Sèches,Tot.",1710
Palestine,2014,"Légumineuses Sèches,Tot.",2286
Palestine,2015,"Légumineuses Sèches,Tot.",774
Palestine,2013,Non-céréales,6476
Palestine,2014,Non-céréales,6359
Palestine,2015,Non-céréales,1242
Palestine,2013,Poiss&produi,148
Palestine,2014,Poiss&produi,95
Palestine,2013,"Sucre, total",1620
Palestine,2014,"Sucre, total",1494
Philippines,2013,Autres non-céréales,158
Philippines,2014,Autres non-céréales,144
Philippines,2015,Autres non-céréales,43
Philippines,2013,Céréales,30262
Philippines,2014,Céréales,31140
Philippines,2015,Céréales,1944
Philippines,2013,"Fruits secs, total",153
Philippines,2013,Huiles végétales,109
Philippines,2014,Huiles végétales,238
Philippines,2013,"Légumineuses Sèches,Tot.",400
Philippines,2014,"Légumineuses Sèches,Tot.",21190
Philippines,2015,"Légumineuses Sèches,Tot.",80
Philippines,2013,Non-céréales,820
Philippines,2014,Non-céréales,21572
Philippines,2015,Non-céréales,123
Philippines,2013,"Riz, total",30262
Philippines,2014,"Riz, total",31140
Philippines,2015,"Riz, total",1944
République arabe syrienne,2013,Autres non-céréales,559
République arabe syrienne,2014,Autres non-céréales,30
République arabe syrienne,2015,Autres non-céréales,3196
République arabe syrienne,2013,Blé et Farin,122708
République arabe syrienne,2014,Blé et Farin,103823
République arabe syrienne,2015,Blé et Farin,68726
République arabe syrienne,2016,Blé et Farin,11428
République arabe syrienne,2013,BulgurFarEnt,12033
République arabe syrienne,2014,BulgurFarEnt,47816
République arabe syrienne,2015,BulgurFarEnt,24673
République arabe syrienne,2016,BulgurFarEnt,8581
République arabe syrienne,2013,Céréales,189623
République arabe syrienne,2014,Céréales,225007
République arabe syrienne,2015,Céréales,181475
République arabe syrienne,2016,Céréales,29569
République arabe syrienne,2013,Graisses Com,50
République arabe syrienne,2013,Huiles végétales,27721
République arabe syrienne,2014,Huiles végétales,10717
République arabe syrienne,2015,Huiles végétales,3698
République arabe syrienne,2013,"Lait, total",1280
République arabe syrienne,2014,"Lait, total",1438
République arabe syrienne,2013,"Légumineuses Sèches,Tot.",39032
République arabe syrienne,2014,"Légumineuses Sèches,Tot.",80947
République arabe syrienne,2015,"Légumineuses Sèches,Tot.",44995
République arabe syrienne,2016,"Légumineuses Sèches,Tot.",21752
République arabe syrienne,2013,Non-céréales,92273
République arabe syrienne,2014,Non-céréales,101209
République arabe syrienne,2015,Non-céréales,81052
République arabe syrienne,2016,Non-céréales,29710
République arabe syrienne,2013,Poiss&produi,789
République arabe syrienne,2013,"Riz, total",54882
République arabe syrienne,2014,"Riz, total",73368
République arabe syrienne,2015,"Riz, total",88076
République arabe syrienne,2016,"Riz, total",9560
République arabe syrienne,2013,"Sucre, total",22616
République arabe syrienne,2014,"Sucre, total",7515
République arabe syrienne,2015,"Sucre, total",29058
République arabe syrienne,2016,"Sucre, total",7958
République centrafricaine,2013,Autres non-céréales,112
République centrafricaine,2014,Autres non-céréales,1412
République centrafricaine,2015,Autres non-céréales,105
République centrafricaine,2013,Céréales,6391
République centrafricaine,2014,Céréales,9652
République centrafricaine,2015,Céréales,7146
République centrafricaine,2013,Céréales Secondaires,3803
République centrafricaine,2014,Céréales Secondaires,2852
République centrafricaine,2015,Céréales Secondaires,2595
République centrafricaine,2013,Huiles végétales,722
République centrafricaine,2014,Huiles végétales,739
République centrafricaine,2015,Huiles végétales,1288
République centrafricaine,2013,"Légumineuses Sèches,Tot.",1330
République centrafricaine,2014,"Légumineuses Sèches,Tot.",1906
République centrafricaine,2015,"Légumineuses Sèches,Tot.",2479
République centrafricaine,2013,Mélanges et préparations,413
République centrafricaine,2014,Mélanges et préparations,3672
République centrafricaine,2015,Mélanges et préparations,580
République centrafricaine,2013,Non-céréales,2187
République centrafricaine,2014,Non-céréales,4057
République centrafricaine,2015,Non-céréales,3872
République centrafricaine,2013,"Riz, total",2175
République centrafricaine,2014,"Riz, total",3128
République centrafricaine,2015,"Riz, total",3971
République centrafricaine,2013,"Sucre, total",23
République démocratique du Congo,2013,Autres non-céréales,684
République démocratique du Congo,2014,Autres non-céréales,831
République démocratique du Congo,2015,Autres non-céréales,649
République démocratique du Congo,2013,Céréales,58011
République démocratique du Congo,2014,Céréales,29662
République démocratique du Congo,2015,Céréales,28365
République démocratique du Congo,2013,Céréales Secondaires,24094
République démocratique du Congo,2014,Céréales Secondaires,24084
République démocratique du Congo,2015,Céréales Secondaires,446
République démocratique du Congo,2013,Huiles végétales,3605
République démocratique du Congo,2014,Huiles végétales,1261
République démocratique du Congo,2015,Huiles végétales,1440
République démocratique du Congo,2013,"Légumineuses Sèches,Tot.",12322
République démocratique du Congo,2014,"Légumineuses Sèches,Tot.",3313
République démocratique du Congo,2015,"Légumineuses Sèches,Tot.",3455
République démocratique du Congo,2013,Mélanges et préparations,8045
République démocratique du Congo,2014,Mélanges et préparations,5578
République démocratique du Congo,2015,Mélanges et préparations,27523
République démocratique du Congo,2013,Non-céréales,17149
République démocratique du Congo,2014,Non-céréales,5405
République démocratique du Congo,2015,Non-céréales,5659
République démocratique du Congo,2013,"Riz, total",25872
République démocratique du Congo,2015,"Riz, total",396
République démocratique du Congo,2013,"Sucre, total",538
République démocratique du Congo,2015,"Sucre, total",115
République démocratique populaire lao,2013,Autres non-céréales,176
République démocratique populaire lao,2014,Autres non-céréales,283
République démocratique populaire lao,2015,Autres non-céréales,229
République démocratique populaire lao,2013,Céréales,3758
République démocratique populaire lao,2014,Céréales,4434
République démocratique populaire lao,2015,Céréales,2627
République démocratique populaire lao,2013,Huiles végétales,359
République démocratique populaire lao,2014,Huiles végétales,860
République démocratique populaire lao,2015,Huiles végétales,86
République démocratique populaire lao,2013,"Légumineuses Sèches,Tot.",297
République démocratique populaire lao,2014,"Légumineuses Sèches,Tot.",70
République démocratique populaire lao,2015,"Légumineuses Sèches,Tot.",70
République démocratique populaire lao,2013,Mélanges et préparations,2609
République démocratique populaire lao,2014,Mélanges et préparations,1826
République démocratique populaire lao,2015,Mélanges et préparations,1378
République démocratique populaire lao,2013,Non-céréales,832
République démocratique populaire lao,2014,Non-céréales,1213
République démocratique populaire lao,2015,Non-céréales,1136
République démocratique populaire lao,2015,Poiss&produi,446
République démocratique populaire lao,2013,"Riz, total",1149
République démocratique populaire lao,2014,"Riz, total",2608
République démocratique populaire lao,2015,"Riz, total",1249
République démocratique populaire lao,2015,"Sucre, total",305
République dominicaine,2013,Autres non-céréales,12
République dominicaine,2015,Autres non-céréales,5
République dominicaine,2016,Autres non-céréales,3
République dominicaine,2014,Blé et Farin,17300
République dominicaine,2014,Céréales,17507
République dominicaine,2015,Céréales,113
République dominicaine,2016,Céréales,113
République dominicaine,2013,"Légumineuses Sèches,Tot.",24500
République dominicaine,2014,Mélanges et préparations,207
République dominicaine,2015,Mélanges et préparations,113
République dominicaine,2016,Mélanges et préparations,113
République dominicaine,2013,Non-céréales,24512
République dominicaine,2015,Non-céréales,5
République dominicaine,2016,Non-céréales,3
République populaire démocratique de Corée,2013,Blé et Farin,25962
République populaire démocratique de Corée,2014,Blé et Farin,9684
République populaire démocratique de Corée,2015,Blé et Farin,13485
République populaire démocratique de Corée,2013,Céréales,29544
République populaire démocratique de Corée,2014,Céréales,16279
République populaire démocratique de Corée,2015,Céréales,22335
République populaire démocratique de Corée,2013,Céréales Secondaires,3582
République populaire démocratique de Corée,2014,Céréales Secondaires,6395
République populaire démocratique de Corée,2015,Céréales Secondaires,8625
République populaire démocratique de Corée,2013,Huiles végétales,1681
République populaire démocratique de Corée,2014,Huiles végétales,1280
République populaire démocratique de Corée,2015,Huiles végétales,3111
République populaire démocratique de Corée,2013,"Lait, total",900
République populaire démocratique de Corée,2014,"Lait, total",1772
République populaire démocratique de Corée,2015,"Lait, total",1375
République populaire démocratique de Corée,2016,"Lait, total",775
République populaire démocratique de Corée,2013,"Légumineuses Sèches,Tot.",1867
République populaire démocratique de Corée,2014,"Légumineuses Sèches,Tot.",648
République populaire démocratique de Corée,2015,"Légumineuses Sèches,Tot.",6776
République populaire démocratique de Corée,2013,Non-céréales,6118
République populaire démocratique de Corée,2014,Non-céréales,5312
République populaire démocratique de Corée,2015,Non-céréales,12918
République populaire démocratique de Corée,2016,Non-céréales,1200
République populaire démocratique de Corée,2014,"Riz, total",200
République populaire démocratique de Corée,2015,"Riz, total",225
République populaire démocratique de Corée,2013,"Sucre, total",1670
République populaire démocratique de Corée,2014,"Sucre, total",1612
République populaire démocratique de Corée,2015,"Sucre, total",1656
République populaire démocratique de Corée,2016,"Sucre, total",425
République-Unie de Tanzanie,2013,Blé et Farin,11830
République-Unie de Tanzanie,2014,Blé et Farin,30000
République-Unie de Tanzanie,2015,Blé et Farin,24000
République-Unie de Tanzanie,2013,Céréales,19345
République-Unie de Tanzanie,2014,Céréales,35455
République-Unie de Tanzanie,2015,Céréales,25311
République-Unie de Tanzanie,2013,Céréales Secondaires,3626
République-Unie de Tanzanie,2014,Céréales Secondaires,2760
République-Unie de Tanzanie,2013,"Fruits secs, total",153
République-Unie de Tanzanie,2015,"Fruits secs, total",54
République-Unie de Tanzanie,2013,Huiles végétales,357
République-Unie de Tanzanie,2014,Huiles végétales,368
République-Unie de Tanzanie,2015,Huiles végétales,185
République-Unie de Tanzanie,2013,"Légumineuses Sèches,Tot.",1703
République-Unie de Tanzanie,2014,"Légumineuses Sèches,Tot.",2480
République-Unie de Tanzanie,2015,"Légumineuses Sèches,Tot.",600
République-Unie de Tanzanie,2013,Mélanges et préparations,2560
République-Unie de Tanzanie,2014,Mélanges et préparations,1925
République-Unie de Tanzanie,2015,Mélanges et préparations,1311
République-Unie de Tanzanie,2013,Non-céréales,2213
République-Unie de Tanzanie,2014,Non-céréales,2848
République-Unie de Tanzanie,2015,Non-céréales,839
République-Unie de Tanzanie,2013,"Riz, total",1329
République-Unie de Tanzanie,2014,"Riz, total",770
Rwanda,2013,Céréales,3139
Rwanda,2014,Céréales,880
Rwanda,2013,Huiles végétales,689
Rwanda,2014,Huiles végétales,312
Rwanda,2013,"Légumineuses Sèches,Tot.",638
Rwanda,2013,Mélanges et préparations,497
Rwanda,2014,Mélanges et préparations,880
Rwanda,2013,Non-céréales,1327
Rwanda,2014,Non-céréales,358
Rwanda,2013,"Riz, total",2642
Rwanda,2014,"Sucre, total",46
Sao Tomé-et-Principe,2013,Céréales,280
Sao Tomé-et-Principe,2014,Céréales,428
Sao Tomé-et-Principe,2013,Huiles végétales,36
Sao Tomé-et-Principe,2013,"Légumineuses Sèches,Tot.",129
Sao Tomé-et-Principe,2014,"Légumineuses Sèches,Tot.",40
Sao Tomé-et-Principe,2013,Non-céréales,165
Sao Tomé-et-Principe,2014,Non-céréales,40
Sao Tomé-et-Principe,2013,"Riz, total",280
Sao Tomé-et-Principe,2014,"Riz, total",428
Sénégal,2013,Autres non-céréales,332
Sénégal,2014,Autres non-céréales,47
Sénégal,2015,Autres non-céréales,117
Sénégal,2013,BulgurFarEnt,630
Sénégal,2013,Céréales,4260
Sénégal,2014,Céréales,7346
Sénégal,2015,Céréales,1814
Sénégal,2013,Huiles végétales,1101
Sénégal,2014,Huiles végétales,427
Sénégal,2015,Huiles végétales,10019
Sénégal,2013,"Légumineuses Sèches,Tot.",9901
Sénégal,2014,"Légumineuses Sèches,Tot.",9180
Sénégal,2013,Mélanges et préparations,2755
Sénégal,2014,Mélanges et préparations,1644
Sénégal,2015,Mélanges et préparations,184
Sénégal,2013,Non-céréales,11671
Sénégal,2014,Non-céréales,9654
Sénégal,2015,Non-céréales,10136
Sénégal,2013,Poiss&produi,337
Sénégal,2013,"Riz, total",875
Sénégal,2014,"Riz, total",5702
Sénégal,2015,"Riz, total",1630
Sierra Leone,2013,BulgurFarEnt,1188
Sierra Leone,2014,BulgurFarEnt,1738
Sierra Leone,2013,Céréales,8031
Sierra Leone,2014,Céréales,2858
Sierra Leone,2015,Céréales,268
Sierra Leone,2013,Huiles végétales,670
Sierra Leone,2014,Huiles végétales,410
Sierra Leone,2013,"Légumineuses Sèches,Tot.",240
Sierra Leone,2014,"Légumineuses Sèches,Tot.",310
Sierra Leone,2015,"Légumineuses Sèches,Tot.",184
Sierra Leone,2013,Mélanges et préparations,1018
Sierra Leone,2014,Mélanges et préparations,1120
Sierra Leone,2015,Mélanges et préparations,268
Sierra Leone,2013,Non-céréales,910
Sierra Leone,2014,Non-céréales,720
Sierra Leone,2015,Non-céréales,184
Sierra Leone,2013,"Riz, total",5825
Somalie,2013,Autres non-céréales,1600
Somalie,2014,Autres non-céréales,1237
Somalie,2015,Autres non-céréales,596
Somalie,2013,Blé et Farin,556
Somalie,2015,Blé et Farin,560
Somalie,2013,Céréales,56643
Somalie,2014,Céréales,32131
Somalie,2015,Céréales,30626
Somalie,2013,Céréales Secondaires,43100
Somalie,2014,Céréales Secondaires,24370
Somalie,2015,Céréales Secondaires,25470
Somalie,2013,"Fruits secs, total",221
Somalie,2015,"Fruits secs, total",54
Somalie,2013,Huiles végétales,3959
Somalie,2014,Huiles végétales,2279
Somalie,2015,Huiles végétales,1690
Somalie,2014,"Lait, total",651
Somalie,2013,"Légumineuses Sèches,Tot.",7477
Somalie,2014,"Légumineuses Sèches,Tot.",4292
Somalie,2015,"Légumineuses Sèches,Tot.",2883
Somalie,2013,Mélanges et préparations,9837
Somalie,2014,Mélanges et préparations,7761
Somalie,2015,Mélanges et préparations,4596
Somalie,2013,Non-céréales,13257
Somalie,2014,Non-céréales,8459
Somalie,2015,Non-céréales,5223
Somalie,2013,"Riz, total",3150
Soudan,2014,Autres non-céréales,250
Soudan,2015,Autres non-céréales,255
Soudan,2014,Blé et Farin,1672
Soudan,2015,Blé et Farin,2183
Soudan,2013,Céréales,140255
Soudan,2014,Céréales,145696
Soudan,2015,Céréales,5988
Soudan,2013,Céréales Secondaires,130677
Soudan,2014,Céréales Secondaires,133830
Soudan,2013,Huiles végétales,6251
Soudan,2014,Huiles végétales,3960
Soudan,2015,Huiles végétales,110
Soudan,2013,"Lait, total",900
Soudan,2014,"Lait, total",825
Soudan,2013,"Légumineuses Sèches,Tot.",17663
Soudan,2014,"Légumineuses Sèches,Tot.",10221
Soudan,2015,"Légumineuses Sèches,Tot.",2472
Soudan,2013,Mélanges et préparations,9578
Soudan,2014,Mélanges et préparations,10194
Soudan,2015,Mélanges et préparations,3805
Soudan,2013,Non-céréales,24860
Soudan,2014,Non-céréales,15256
Soudan,2015,Non-céréales,2837
Soudan,2013,"Sucre, total",46
Soudan du Sud,2013,Autres non-céréales,372
Soudan du Sud,2014,Autres non-céréales,3550
Soudan du Sud,2015,Autres non-céréales,428
Soudan du Sud,2013,Céréales,83113
Soudan du Sud,2014,Céréales,213730
Soudan du Sud,2015,Céréales,13851
Soudan du Sud,2013,Céréales Secondaires,83113
Soudan du Sud,2014,Céréales Secondaires,213730
Soudan du Sud,2015,Céréales Secondaires,9000
Soudan du Sud,2013,Huiles végétales,4936
Soudan du Sud,2014,Huiles végétales,3731
Soudan du Sud,2015,Huiles végétales,3844
Soudan du Sud,2013,"Légumineuses Sèches,Tot.",9593
Soudan du Sud,2014,"Légumineuses Sèches,Tot.",3961
Soudan du Sud,2015,"Légumineuses Sèches,Tot.",6031
Soudan du Sud,2015,Mélanges et préparations,301
Soudan du Sud,2013,Non-céréales,15052
Soudan du Sud,2014,Non-céréales,11575
Soudan du Sud,2015,Non-céréales,10303
Soudan du Sud,2015,"Riz, total",4550
Soudan du Sud,2013,"Sucre, total",151
Soudan du Sud,2014,"Sucre, total",333
Sri Lanka,2013,Céréales,2116
Sri Lanka,2014,Céréales,1392
Sri Lanka,2015,Céréales,898
Sri Lanka,2013,"Fruits secs, total",238
Sri Lanka,2015,"Fruits secs, total",54
Sri Lanka,2013,Huiles végétales,385
Sri Lanka,2014,Huiles végétales,569
Sri Lanka,2015,Huiles végétales,328
Sri Lanka,2016,Huiles végétales,164
Sri Lanka,2013,"Légumineuses Sèches,Tot.",974
Sri Lanka,2014,"Légumineuses Sèches,Tot.",963
Sri Lanka,2015,"Légumineuses Sèches,Tot.",482
Sri Lanka,2013,Mélanges et préparations,1007
Sri Lanka,2014,Mélanges et préparations,221
Sri Lanka,2015,Mélanges et préparations,346
Sri Lanka,2013,Non-céréales,1710
Sri Lanka,2014,Non-céréales,2131
Sri Lanka,2015,Non-céréales,864
Sri Lanka,2016,Non-céréales,164
Sri Lanka,2013,Poiss&produi,112
Sri Lanka,2014,Poiss&produi,595
Sri Lanka,2013,"Riz, total",1109
Sri Lanka,2014,"Riz, total",1171
Sri Lanka,2015,"Riz, total",552
Sri Lanka,2013,"Sucre, total",1
Sri Lanka,2014,"Sucre, total",4
Sri Lanka,2015,"Sucre, total",0
Swaziland,2013,Céréales,3854
Swaziland,2014,Céréales,775
Swaziland,2013,Céréales Secondaires,372
Swaziland,2013,Huiles végétales,478
Swaziland,2014,Huiles végétales,54
Swaziland,2013,"Légumineuses Sèches,Tot.",2077
Swaziland,2014,"Légumineuses Sèches,Tot.",526
Swaziland,2013,Mélanges et préparations,476
Swaziland,2013,Non-céréales,2555
Swaziland,2014,Non-céréales,580
Swaziland,2013,"Riz, total",3006
Swaziland,2014,"Riz, total",775
Tadjikistan,2013,Autres non-céréales,32
Tadjikistan,2014,Autres non-céréales,58
Tadjikistan,2013,Blé et Farin,22
Tadjikistan,2014,Blé et Farin,23
Tadjikistan,2013,Céréales,78
Tadjikistan,2014,Céréales,146
Tadjikistan,2014,Céréales Secondaires,40
Tadjikistan,2013,Huiles végétales,200
Tadjikistan,2014,Huiles végétales,238
Tadjikistan,2013,"Lait, total",25
Tadjikistan,2014,"Lait, total",147
Tadjikistan,2015,"Lait, total",0
Tadjikistan,2013,"Légumineuses Sèches,Tot.",38
Tadjikistan,2013,Mélanges et préparations,49
Tadjikistan,2014,Mélanges et préparations,57
Tadjikistan,2013,Non-céréales,295
Tadjikistan,2014,Non-céréales,495
Tadjikistan,2015,Non-céréales,0
Tadjikistan,2013,"Riz, total",7
Tadjikistan,2014,"Riz, total",26
Tadjikistan,2014,Viande Total,52
Tchad,2013,Autres non-céréales,1705
Tchad,2014,Autres non-céréales,773
Tchad,2013,BulgurFarEnt,3127
Tchad,2013,Céréales,36551
Tchad,2014,Céréales,42874
Tchad,2015,Céréales,30028
Tchad,2013,Céréales Secondaires,25997
Tchad,2014,Céréales Secondaires,40844
Tchad,2015,Céréales Secondaires,24870
Tchad,2015,"Fruits secs, total",90
Tchad,2013,Huiles végétales,2568
Tchad,2014,Huiles végétales,1915
Tchad,2015,Huiles végétales,2210
Tchad,2016,Huiles végétales,1216
Tchad,2013,"Lait, total",0
Tchad,2013,"Légumineuses Sèches,Tot.",5842
Tchad,2014,"Légumineuses Sèches,Tot.",3141
Tchad,2015,"Légumineuses Sèches,Tot.",4511
Tchad,2013,Mélanges et préparations,6652
Tchad,2014,Mélanges et préparations,2030
Tchad,2015,Mélanges et préparations,5158
Tchad,2013,Non-céréales,10414
Tchad,2014,Non-céréales,6089
Tchad,2015,Non-céréales,6811
Tchad,2016,Non-céréales,1216
Tchad,2013,"Riz, total",775
Tchad,2013,"Sucre, total",299
Tchad,2014,"Sucre, total",260
Timor-Leste,2013,Céréales,22
Timor-Leste,2013,Huiles végétales,36
Timor-Leste,2013,Mélanges et préparations,22
Timor-Leste,2013,Non-céréales,36
Togo,2013,Autres non-céréales,2
Togo,2013,Blé et Farin,10712
Togo,2013,Céréales,12400
Togo,2013,Non-céréales,2
Togo,2013,"Riz, total",1688
Vanuatu,2015,Blé et Farin,23
Vanuatu,2015,Céréales,331
Vanuatu,2015,Non-céréales,70
Vanuatu,2015,Poiss&produi,70
Vanuatu,2015,"Riz, total",308
Yémen,2013,Autres non-céréales,1291
Yémen,2014,Autres non-céréales,211
Yémen,2015,Autres non-céréales,1198
Yémen,2016,Autres non-céréales,5238
Yémen,2013,Blé et Farin,116637
Yémen,2014,Blé et Farin,22680
Yémen,2015,Blé et Farin,117854
Yémen,2016,Blé et Farin,179332
Yémen,2013,Céréales,117155
Yémen,2014,Céréales,26949
Yémen,2015,Céréales,151251
Yémen,2016,Céréales,196027
Yémen,2016,"Fruits secs, total",247
Yémen,2013,Huiles végétales,4572
Yémen,2014,Huiles végétales,8203
Yémen,2015,Huiles végétales,8131
Yémen,2016,Huiles végétales,9880
Yémen,2013,"Légumineuses Sèches,Tot.",9203
Yémen,2014,"Légumineuses Sèches,Tot.",16476
Yémen,2015,"Légumineuses Sèches,Tot.",17724
Yémen,2016,"Légumineuses Sèches,Tot.",18648
Yémen,2013,Mélanges et préparations,68
Yémen,2014,Mélanges et préparations,3169
Yémen,2015,Mélanges et préparations,31600
Yémen,2016,Mélanges et préparations,16695
Yémen,2013,Non-céréales,15227
Yémen,2014,Non-céréales,24971
Yémen,2015,Non-céréales,34902
Yémen,2016,Non-céréales,36760
Yémen,2015,Poiss&produi,232
Yémen,2016,Poiss&produi,72
Yémen,2013,"Riz, total",450
Yémen,2014,"Riz, total",1100
Yémen,2015,"Riz, total",1797
Yémen,2013,"Sucre, total",161
Yémen,2014,"Sucre, total",81
Yémen,2015,"Sucre, total",7617
Yémen,2016,"Sucre, total",2675
Zambie,2014,Céréales,1349
Zambie,2014,Céréales Secondaires,1349
Zambie,2013,Huiles végétales,164
Zambie,2013,Non-céréales,164
Zimbabwe,2013,Autres non-céréales,1
Zimbabwe,2013,Céréales,5604
Zimbabwe,2014,Céréales,10990
Zimbabwe,2015,Céréales,7053
Zimbabwe,2013,Céréales Secondaires,5330
Zimbabwe,2014,Céréales Secondaires,5866
Zimbabwe,2015,Céréales Secondaires,6957
Zimbabwe,2013,Huiles végétales,871
Zimbabwe,2014,Huiles végétales,1514
Zimbabwe,2015,Huiles végétales,306
Zimbabwe,2013,"Légumineuses Sèches,Tot.",4150
Zimbabwe,2014,"Légumineuses Sèches,Tot.",796
Zimbabwe,2013,Mélanges et préparations,210
Zimbabwe,2014,Mélanges et préparations,5124
Zimbabwe,2015,Mélanges et préparations,96
Zimbabwe,2013,Non-céréales,5022
Zimbabwe,2014,Non-céréales,2310
Zimbabwe,2015,Non-céréales,306
Zimbabwe,2013,"Riz, total",64
