Code Domaine,Domaine,Code zone (M49),Zone,Code Élément,Élément,Code Produit,Produit,Code année,Année,Unité,Valeur,Symbole,Description du Symbole,Note
"OA","Séries temporelles annuelles","004","Afghanistan","511","Population totale","3010","Population-Estimations","2010","2010","1000 personnes","28189.672","X","Ciffre de sources internationales",""
"OA","Séries temporelles annuelles","004","Afghanistan","511","Population totale","3010","Population-Estimations","2020","2020","1000 personnes","38972.23","X","Ciffre de sources internationales",""
"OA","Séries temporelles annuelles","710","Afrique du Sud","511","Population totale","3010","Population-Estimations","2010","2010","1000 personnes","51784.921","X","Ciffre de sources internationales",""
"OA","Séries temporelles annuelles","710","Afrique du Sud","511","Population totale","3010","Population-Estimations","2020","2020","1000 personnes","58801.927","X","Ciffre de sources internationales",""
"OA","Séries temporelles annuelles","008","Albanie","511","Population totale","3010","Population-Estimations","2010","2010","1000 personnes","2913.399","X","Ciffre de sources internationales",""
"OA","Séries temporelles annuelles","008","Albanie","511","Population totale","3010","Population-Estimations","2020","2020","1000 personnes","2866.849","X","Ciffre de sources internationales",""
"OA","Séries temporelles annuelles","012","Algérie","511","Population totale","3010","Population-Estimations","2010","2010","1000 personnes","35856.344","X","Ciffre de sources internationales",""
"OA","Séries temporelles annuelles","012","Algérie","511","Population totale","3010","Population-Estimations","2020","2020","1000 personnes","43451.666","X","Ciffre de sources internationales",""
"OA","Séries temporelles annuelles","276","Allemagne","511","Population totale","3010","Population-Estimations","2010","2010","1000 personnes","81325.09","X","Ciffre de sources internationales",""
"OA","Séries temporelles annuelles","276","Allemagne","511","Population totale","3010","Population-Estimations","2020","2020","1000 personnes","83328.988","X","Ciffre de sources internationales",""
"OA","Séries temporelles annuelles","020","Andorre","511","Population totale","3010","Population-Estimations","2010","2010","1000 personnes","71.519","X","Ciffre de sources internationales",""
"OA","Séries temporelles annuelles","020","Andorre","511","Population totale","3010","Population-Estimations","2020","2020","1000 personnes","77.7","X","Ciffre de sources internationales",""
"OA","Séries temporelles annuelles","024","Angola","511","Population totale","3010","Population-Estimations","2010","2010","1000 personnes","23364.185","X","Ciffre de sources internationales",""
"OA","Séries temporelles annuelles","024","Angola","511","Population totale","3010","Population-Estimations","2020","2020","1000 personnes","33428.486","X","Ciffre de sources internationales",""
"OA","Séries temporelles annuelles","660","Anguilla","511","Population totale","3010","Population-Estimations","2010","2010","1000 personnes","13.172","X","Ciffre de sources internationales",""
"OA","Séries temporelles annuelles","660","Anguilla","511","Population totale","3010","Population-Estimations","2020","2020","1000 personnes","15.585","X","Ciffre de sources internationales",""
"OA","Séries temporelles annuelles","028","Antigua-et-Barbuda","511","Population totale","3010","Population-Estimations","2010","2010","1000 personnes","85.695","X","Ciffre de sources internationales",""
"OA","Séries temporelles annuelles","028","Antigua-et-Barbuda","511","Population totale","3010","Population-Estimations","2020","2020","1000 personnes","92.664","X","Ciffre de sources internationales",""
"OA","Séries temporelles annuelles","530","Antilles néerlandaises (ex)","511","Population totale","3010","Population-Estimations","2010","2010","1000 personnes","258.084","E","Valeur estimée",""
"OA","Séries temporelles annuelles","682","Arabie saoudite","511","Population totale","3010","Population-Estimations","2010","2010","1000 personnes","29411.929","X","Ciffre de sources internationales",""
"OA","Séries temporelles annuelles","682","Arabie saoudite","511","Population totale","3010","Population-Estimations","2020","2020","1000 personnes","35997.107","X","Ciffre de sources internationales",""
"OA","Séries temporelles annuelles","032","Argentine","511","Population totale","3010","Population-Estimations","2010","2010","1000 personnes","41100.123","X","Ciffre de sources internationales",""
"OA","Séries temporelles annuelles","032","Argentine","511","Population totale","3010","Population-Estimations","2020","2020","1000 personnes","45036.032","X","Ciffre de sources internationales",""
"OA","Séries temporelles annuelles","051","Arménie","511","Population totale","3010","Population-Estimations","2010","2010","1000 personnes","2946.293","X","Ciffre de sources internationales",""
"OA","Séries temporelles annuelles","051","Arménie","511","Population totale","3010","Population-Estimations","2020","2020","1000 personnes","2805.608","X","Ciffre de sources internationales",""
"OA","Séries temporelles annuelles","533","Aruba","511","Population totale","3010","Population-Estimations","2010","2010","1000 personnes","100.341","X","Ciffre de sources internationales",""
"OA","Séries temporelles annuelles","533","Aruba","511","Population totale","3010","Population-Estimations","2020","2020","1000 personnes","106.585","X","Ciffre de sources internationales",""
"OA","Séries temporelles annuelles","036","Australie","511","Population totale","3010","Population-Estimations","2010","2010","1000 personnes","22019.168","X","Ciffre de sources internationales",""
"OA","Séries temporelles annuelles","036","Australie","511","Population totale","3010","Population-Estimations","2020","2020","1000 personnes","25670.051","X","Ciffre de sources internationales",""
"OA","Séries temporelles annuelles","040","Autriche","511","Population totale","3010","Population-Estimations","2010","2010","1000 personnes","8362.829","X","Ciffre de sources internationales",""
"OA","Séries temporelles annuelles","040","Autriche","511","Population totale","3010","Population-Estimations","2020","2020","1000 personnes","8907.777","X","Ciffre de sources internationales",""
"OA","Séries temporelles annuelles","031","Azerbaïdjan","511","Population totale","3010","Population-Estimations","2010","2010","1000 personnes","9237.202","X","Ciffre de sources internationales",""
"OA","Séries temporelles annuelles","031","Azerbaïdjan","511","Population totale","3010","Population-Estimations","2020","2020","1000 personnes","10284.951","X","Ciffre de sources internationales",""
"OA","Séries temporelles annuelles","044","Bahamas","511","Population totale","3010","Population-Estimations","2010","2010","1000 personnes","373.272","X","Ciffre de sources internationales",""
"OA","Séries temporelles annuelles","044","Bahamas","511","Population totale","3010","Population-Estimations","2020","2020","1000 personnes","406.471","X","Ciffre de sources internationales",""
"OA","Séries temporelles annuelles","048","Bahreïn","511","Population totale","3010","Population-Estimations","2010","2010","1000 personnes","1213.645","X","Ciffre de sources internationales",""
"OA","Séries temporelles annuelles","048","Bahreïn","511","Population totale","3010","Population-Estimations","2020","2020","1000 personnes","1477.469","X","Ciffre de sources internationales",""
"OA","Séries temporelles annuelles","050","Bangladesh","511","Population totale","3010","Population-Estimations","2010","2010","1000 personnes","148391.139","X","Ciffre de sources internationales",""
"OA","Séries temporelles annuelles","050","Bangladesh","511","Population totale","3010","Population-Estimations","2020","2020","1000 personnes","167420.951","X","Ciffre de sources internationales",""
"OA","Séries temporelles annuelles","052","Barbade","511","Population totale","3010","Population-Estimations","2010","2010","1000 personnes","274.711","X","Ciffre de sources internationales",""
"OA","Séries temporelles annuelles","052","Barbade","511","Population totale","3010","Population-Estimations","2020","2020","1000 personnes","280.693","X","Ciffre de sources internationales",""
"OA","Séries temporelles annuelles","112","Bélarus","511","Population totale","3010","Population-Estimations","2010","2010","1000 personnes","9731.427","X","Ciffre de sources internationales",""
"OA","Séries temporelles annuelles","112","Bélarus","511","Population totale","3010","Population-Estimations","2020","2020","1000 personnes","9633.74","X","Ciffre de sources internationales",""
"OA","Séries temporelles annuelles","056","Belgique","511","Population totale","3010","Population-Estimations","2010","2010","1000 personnes","10877.947","X","Ciffre de sources internationales",""
"OA","Séries temporelles annuelles","056","Belgique","511","Population totale","3010","Population-Estimations","2020","2020","1000 personnes","11561.717","X","Ciffre de sources internationales",""
"OA","Séries temporelles annuelles","084","Belize","511","Population totale","3010","Population-Estimations","2010","2010","1000 personnes","322.106","X","Ciffre de sources internationales",""
"OA","Séries temporelles annuelles","084","Belize","511","Population totale","3010","Population-Estimations","2020","2020","1000 personnes","394.921","X","Ciffre de sources internationales",""
"OA","Séries temporelles annuelles","204","Bénin","511","Population totale","3010","Population-Estimations","2010","2010","1000 personnes","9445.71","X","Ciffre de sources internationales",""
"OA","Séries temporelles annuelles","204","Bénin","511","Population totale","3010","Population-Estimations","2020","2020","1000 personnes","12643.123","X","Ciffre de sources internationales",""
"OA","Séries temporelles annuelles","060","Bermudes","511","Population totale","3010","Population-Estimations","2010","2010","1000 personnes","63.447","X","Ciffre de sources internationales",""
"OA","Séries temporelles annuelles","060","Bermudes","511","Population totale","3010","Population-Estimations","2020","2020","1000 personnes","64.031","X","Ciffre de sources internationales",""
"OA","Séries temporelles annuelles","064","Bhoutan","511","Population totale","3010","Population-Estimations","2010","2010","1000 personnes","705.516","X","Ciffre de sources internationales",""
"OA","Séries temporelles annuelles","064","Bhoutan","511","Population totale","3010","Population-Estimations","2020","2020","1000 personnes","772.506","X","Ciffre de sources internationales",""
"OA","Séries temporelles annuelles","068","Bolivie (État plurinational de)","511","Population totale","3010","Population-Estimations","2010","2010","1000 personnes","10223.27","X","Ciffre de sources internationales",""
"OA","Séries temporelles annuelles","068","Bolivie (État plurinational de)","511","Population totale","3010","Population-Estimations","2020","2020","1000 personnes","11936.162","X","Ciffre de sources internationales",""
"OA","Séries temporelles annuelles","535","Bonaire, Saint-Eustache et Saba","511","Population totale","3010","Population-Estimations","2020","2020","1000 personnes","26.153","X","Ciffre de sources internationales",""
"OA","Séries temporelles annuelles","070","Bosnie-Herzégovine","511","Population totale","3010","Population-Estimations","2010","2010","1000 personnes","3811.088","X","Ciffre de sources internationales",""
"OA","Séries temporelles annuelles","070","Bosnie-Herzégovine","511","Population totale","3010","Population-Estimations","2020","2020","1000 personnes","3318.407","X","Ciffre de sources internationales",""
"OA","Séries temporelles annuelles","072","Botswana","511","Population totale","3010","Population-Estimations","2010","2010","1000 personnes","2091.664","X","Ciffre de sources internationales",""
"OA","Séries temporelles annuelles","072","Botswana","511","Population totale","3010","Population-Estimations","2020","2020","1000 personnes","2546.402","X","Ciffre de sources internationales",""
"OA","Séries temporelles annuelles","076","Brésil","511","Population totale","3010","Population-Estimations","2010","2010","1000 personnes","196353.492","X","Ciffre de sources internationales",""
"OA","Séries temporelles annuelles","076","Brésil","511","Population totale","3010","Population-Estimations","2020","2020","1000 personnes","213196.304","X","Ciffre de sources internationales",""
"OA","Séries temporelles annuelles","096","Brunéi Darussalam","511","Population totale","3010","Population-Estimations","2010","2010","1000 personnes","396.053","X","Ciffre de sources internationales",""
"OA","Séries temporelles annuelles","096","Brunéi Darussalam","511","Population totale","3010","Population-Estimations","2020","2020","1000 personnes","441.725","X","Ciffre de sources internationales",""
"OA","Séries temporelles annuelles","100","Bulgarie","511","Population totale","3010","Population-Estimations","2010","2010","1000 personnes","7592.273","X","Ciffre de sources internationales",""
"OA","Séries temporelles annuelles","100","Bulgarie","511","Population totale","3010","Population-Estimations","2020","2020","1000 personnes","6979.175","X","Ciffre de sources internationales",""
"OA","Séries temporelles annuelles","854","Burkina Faso","511","Population totale","3010","Population-Estimations","2010","2010","1000 personnes","16116.845","X","Ciffre de sources internationales",""
"OA","Séries temporelles annuelles","854","Burkina Faso","511","Population totale","3010","Population-Estimations","2020","2020","1000 personnes","21522.626","X","Ciffre de sources internationales",""
"OA","Séries temporelles annuelles","108","Burundi","511","Population totale","3010","Population-Estimations","2010","2010","1000 personnes","9126.605","X","Ciffre de sources internationales",""
"OA","Séries temporelles annuelles","108","Burundi","511","Population totale","3010","Population-Estimations","2020","2020","1000 personnes","12220.227","X","Ciffre de sources internationales",""
"OA","Séries temporelles annuelles","132","Cabo Verde","511","Population totale","3010","Population-Estimations","2010","2010","1000 personnes","521.212","X","Ciffre de sources internationales",""
"OA","Séries temporelles annuelles","132","Cabo Verde","511","Population totale","3010","Population-Estimations","2020","2020","1000 personnes","582.64","X","Ciffre de sources internationales",""
"OA","Séries temporelles annuelles","116","Cambodge","511","Population totale","3010","Population-Estimations","2010","2010","1000 personnes","14363.532","X","Ciffre de sources internationales",""
"OA","Séries temporelles annuelles","116","Cambodge","511","Population totale","3010","Population-Estimations","2020","2020","1000 personnes","16396.86","X","Ciffre de sources internationales",""
"OA","Séries temporelles annuelles","120","Cameroun","511","Population totale","3010","Population-Estimations","2010","2010","1000 personnes","19878.036","X","Ciffre de sources internationales",""
"OA","Séries temporelles annuelles","120","Cameroun","511","Population totale","3010","Population-Estimations","2020","2020","1000 personnes","26491.087","X","Ciffre de sources internationales",""
"OA","Séries temporelles annuelles","124","Canada","511","Population totale","3010","Population-Estimations","2010","2010","1000 personnes","33963.412","X","Ciffre de sources internationales",""
"OA","Séries temporelles annuelles","124","Canada","511","Population totale","3010","Population-Estimations","2020","2020","1000 personnes","37888.705","X","Ciffre de sources internationales",""
"OA","Séries temporelles annuelles","152","Chili","511","Population totale","3010","Population-Estimations","2010","2010","1000 personnes","17004.162","X","Ciffre de sources internationales",""
"OA","Séries temporelles annuelles","152","Chili","511","Population totale","3010","Population-Estimations","2020","2020","1000 personnes","19300.315","X","Ciffre de sources internationales",""
"OA","Séries temporelles annuelles","159","Chine","511","Population totale","3010","Population-Estimations","2010","2010","1000 personnes","1378964.186","X","Ciffre de sources internationales",""
"OA","Séries temporelles annuelles","159","Chine","511","Population totale","3010","Population-Estimations","2020","2020","1000 personnes","1456928.486","X","Ciffre de sources internationales",""
"OA","Séries temporelles annuelles","344","Chine - RAS de Hong-Kong","511","Population totale","3010","Population-Estimations","2010","2010","1000 personnes","7132.438","X","Ciffre de sources internationales",""
"OA","Séries temporelles annuelles","344","Chine - RAS de Hong-Kong","511","Population totale","3010","Population-Estimations","2020","2020","1000 personnes","7500.958","X","Ciffre de sources internationales",""
"OA","Séries temporelles annuelles","446","Chine - RAS de Macao","511","Population totale","3010","Population-Estimations","2010","2010","1000 personnes","557.297","X","Ciffre de sources internationales",""
"OA","Séries temporelles annuelles","446","Chine - RAS de Macao","511","Population totale","3010","Population-Estimations","2020","2020","1000 personnes","676.283","X","Ciffre de sources internationales",""
"OA","Séries temporelles annuelles","156","Chine, continentale","511","Population totale","3010","Population-Estimations","2010","2010","1000 personnes","1348191.368","X","Ciffre de sources internationales",""
"OA","Séries temporelles annuelles","156","Chine, continentale","511","Population totale","3010","Population-Estimations","2020","2020","1000 personnes","1424929.781","X","Ciffre de sources internationales",""
"OA","Séries temporelles annuelles","158","Chine, Taiwan Province de","511","Population totale","3010","Population-Estimations","2010","2010","1000 personnes","23083.083","X","Ciffre de sources internationales",""
"OA","Séries temporelles annuelles","158","Chine, Taiwan Province de","511","Population totale","3010","Population-Estimations","2020","2020","1000 personnes","23821.464","X","Ciffre de sources internationales",""
"OA","Séries temporelles annuelles","196","Chypre","511","Population totale","3010","Population-Estimations","2010","2010","1000 personnes","1129.686","X","Ciffre de sources internationales",""
"OA","Séries temporelles annuelles","196","Chypre","511","Population totale","3010","Population-Estimations","2020","2020","1000 personnes","1237.537","X","Ciffre de sources internationales",""
"OA","Séries temporelles annuelles","170","Colombie","511","Population totale","3010","Population-Estimations","2010","2010","1000 personnes","44816.108","X","Ciffre de sources internationales",""
"OA","Séries temporelles annuelles","170","Colombie","511","Population totale","3010","Population-Estimations","2020","2020","1000 personnes","50930.662","X","Ciffre de sources internationales",""
"OA","Séries temporelles annuelles","174","Comores","511","Population totale","3010","Population-Estimations","2010","2010","1000 personnes","656.024","X","Ciffre de sources internationales",""
"OA","Séries temporelles annuelles","174","Comores","511","Population totale","3010","Population-Estimations","2020","2020","1000 personnes","806.166","X","Ciffre de sources internationales",""
"OA","Séries temporelles annuelles","178","Congo","511","Population totale","3010","Population-Estimations","2010","2010","1000 personnes","4437.884","X","Ciffre de sources internationales",""
"OA","Séries temporelles annuelles","178","Congo","511","Population totale","3010","Population-Estimations","2020","2020","1000 personnes","5702.174","X","Ciffre de sources internationales",""
"OA","Séries temporelles annuelles","188","Costa Rica","511","Population totale","3010","Population-Estimations","2010","2010","1000 personnes","4622.252","X","Ciffre de sources internationales",""
"OA","Séries temporelles annuelles","188","Costa Rica","511","Population totale","3010","Population-Estimations","2020","2020","1000 personnes","5123.105","X","Ciffre de sources internationales",""
"OA","Séries temporelles annuelles","384","Côte d'Ivoire","511","Population totale","3010","Population-Estimations","2010","2010","1000 personnes","21120.042","X","Ciffre de sources internationales",""
"OA","Séries temporelles annuelles","384","Côte d'Ivoire","511","Population totale","3010","Population-Estimations","2020","2020","1000 personnes","26811.79","X","Ciffre de sources internationales",""
"OA","Séries temporelles annuelles","191","Croatie","511","Population totale","3010","Population-Estimations","2010","2010","1000 personnes","4368.682","X","Ciffre de sources internationales",""
"OA","Séries temporelles annuelles","191","Croatie","511","Population totale","3010","Population-Estimations","2020","2020","1000 personnes","4096.869","X","Ciffre de sources internationales",""
"OA","Séries temporelles annuelles","192","Cuba","511","Population totale","3010","Population-Estimations","2010","2010","1000 personnes","11290.417","X","Ciffre de sources internationales",""
"OA","Séries temporelles annuelles","192","Cuba","511","Population totale","3010","Population-Estimations","2020","2020","1000 personnes","11300.698","X","Ciffre de sources internationales",""
"OA","Séries temporelles annuelles","531","Curaçao","511","Population totale","3010","Population-Estimations","2020","2020","1000 personnes","189.288","X","Ciffre de sources internationales",""
"OA","Séries temporelles annuelles","208","Danemark","511","Population totale","3010","Population-Estimations","2010","2010","1000 personnes","5550.849","X","Ciffre de sources internationales",""
"OA","Séries temporelles annuelles","208","Danemark","511","Population totale","3010","Population-Estimations","2020","2020","1000 personnes","5825.641","X","Ciffre de sources internationales",""
"OA","Séries temporelles annuelles","262","Djibouti","511","Population totale","3010","Population-Estimations","2010","2010","1000 personnes","919.199","X","Ciffre de sources internationales",""
"OA","Séries temporelles annuelles","262","Djibouti","511","Population totale","3010","Population-Estimations","2020","2020","1000 personnes","1090.156","X","Ciffre de sources internationales",""
"OA","Séries temporelles annuelles","212","Dominique","511","Population totale","3010","Population-Estimations","2010","2010","1000 personnes","68.755","X","Ciffre de sources internationales",""
"OA","Séries temporelles annuelles","212","Dominique","511","Population totale","3010","Population-Estimations","2020","2020","1000 personnes","71.995","X","Ciffre de sources internationales",""
"OA","Séries temporelles annuelles","818","Égypte","511","Population totale","3010","Population-Estimations","2010","2010","1000 personnes","87252.413","X","Ciffre de sources internationales",""
"OA","Séries temporelles annuelles","818","Égypte","511","Population totale","3010","Population-Estimations","2020","2020","1000 personnes","107465.134","X","Ciffre de sources internationales",""
"OA","Séries temporelles annuelles","222","El Salvador","511","Population totale","3010","Population-Estimations","2010","2010","1000 personnes","6114.034","X","Ciffre de sources internationales",""
"OA","Séries temporelles annuelles","222","El Salvador","511","Population totale","3010","Population-Estimations","2020","2020","1000 personnes","6292.731","X","Ciffre de sources internationales",""
"OA","Séries temporelles annuelles","784","Émirats arabes unis","511","Population totale","3010","Population-Estimations","2010","2010","1000 personnes","8481.771","X","Ciffre de sources internationales",""
"OA","Séries temporelles annuelles","784","Émirats arabes unis","511","Population totale","3010","Population-Estimations","2020","2020","1000 personnes","9287.289","X","Ciffre de sources internationales",""
"OA","Séries temporelles annuelles","218","Équateur","511","Population totale","3010","Population-Estimations","2010","2010","1000 personnes","14989.585","X","Ciffre de sources internationales",""
"OA","Séries temporelles annuelles","218","Équateur","511","Population totale","3010","Population-Estimations","2020","2020","1000 personnes","17588.595","X","Ciffre de sources internationales",""
"OA","Séries temporelles annuelles","232","Érythrée","511","Population totale","3010","Population-Estimations","2010","2010","1000 personnes","3147.727","X","Ciffre de sources internationales",""
"OA","Séries temporelles annuelles","232","Érythrée","511","Population totale","3010","Population-Estimations","2020","2020","1000 personnes","3555.868","X","Ciffre de sources internationales",""
"OA","Séries temporelles annuelles","724","Espagne","511","Population totale","3010","Population-Estimations","2010","2010","1000 personnes","46572.772","X","Ciffre de sources internationales",""
"OA","Séries temporelles annuelles","724","Espagne","511","Population totale","3010","Population-Estimations","2020","2020","1000 personnes","47363.807","X","Ciffre de sources internationales",""
"OA","Séries temporelles annuelles","233","Estonie","511","Population totale","3010","Population-Estimations","2010","2010","1000 personnes","1331.535","X","Ciffre de sources internationales",""
"OA","Séries temporelles annuelles","233","Estonie","511","Population totale","3010","Population-Estimations","2020","2020","1000 personnes","1329.444","X","Ciffre de sources internationales",""
"OA","Séries temporelles annuelles","748","Eswatini","511","Population totale","3010","Population-Estimations","2010","2010","1000 personnes","1099.92","X","Ciffre de sources internationales",""
"OA","Séries temporelles annuelles","748","Eswatini","511","Population totale","3010","Population-Estimations","2020","2020","1000 personnes","1180.655","X","Ciffre de sources internationales",""
"OA","Séries temporelles annuelles","840","États-Unis d'Amérique","511","Population totale","3010","Population-Estimations","2010","2010","1000 personnes","311182.845","X","Ciffre de sources internationales",""
"OA","Séries temporelles annuelles","840","États-Unis d'Amérique","511","Population totale","3010","Population-Estimations","2020","2020","1000 personnes","335942.003","X","Ciffre de sources internationales",""
"OA","Séries temporelles annuelles","231","Éthiopie","511","Population totale","3010","Population-Estimations","2010","2010","1000 personnes","89237.791","X","Ciffre de sources internationales",""
"OA","Séries temporelles annuelles","231","Éthiopie","511","Population totale","3010","Population-Estimations","2020","2020","1000 personnes","117190.911","X","Ciffre de sources internationales",""
"OA","Séries temporelles annuelles","643","Fédération de Russie","511","Population totale","3010","Population-Estimations","2010","2010","1000 personnes","143242.599","X","Ciffre de sources internationales",""
"OA","Séries temporelles annuelles","643","Fédération de Russie","511","Population totale","3010","Population-Estimations","2020","2020","1000 personnes","145617.329","X","Ciffre de sources internationales",""
"OA","Séries temporelles annuelles","242","Fidji","511","Population totale","3010","Population-Estimations","2010","2010","1000 personnes","905.169","X","Ciffre de sources internationales",""
"OA","Séries temporelles annuelles","242","Fidji","511","Population totale","3010","Population-Estimations","2020","2020","1000 personnes","920.422","X","Ciffre de sources internationales",""
"OA","Séries temporelles annuelles","246","Finlande","511","Population totale","3010","Population-Estimations","2010","2010","1000 personnes","5363.271","X","Ciffre de sources internationales",""
"OA","Séries temporelles annuelles","246","Finlande","511","Population totale","3010","Population-Estimations","2020","2020","1000 personnes","5529.468","X","Ciffre de sources internationales",""
"OA","Séries temporelles annuelles","250","France","511","Population totale","3010","Population-Estimations","2010","2010","1000 personnes","62444.567","X","Ciffre de sources internationales",""
"OA","Séries temporelles annuelles","250","France","511","Population totale","3010","Population-Estimations","2020","2020","1000 personnes","64480.053","X","Ciffre de sources internationales",""
"OA","Séries temporelles annuelles","266","Gabon","511","Population totale","3010","Population-Estimations","2010","2010","1000 personnes","1711.105","X","Ciffre de sources internationales",""
"OA","Séries temporelles annuelles","266","Gabon","511","Population totale","3010","Population-Estimations","2020","2020","1000 personnes","2292.573","X","Ciffre de sources internationales",""
"OA","Séries temporelles annuelles","270","Gambie","511","Population totale","3010","Population-Estimations","2010","2010","1000 personnes","1937.275","X","Ciffre de sources internationales",""
"OA","Séries temporelles annuelles","270","Gambie","511","Population totale","3010","Population-Estimations","2020","2020","1000 personnes","2573.995","X","Ciffre de sources internationales",""
"OA","Séries temporelles annuelles","268","Géorgie","511","Population totale","3010","Population-Estimations","2010","2010","1000 personnes","3836.831","X","Ciffre de sources internationales",""
"OA","Séries temporelles annuelles","268","Géorgie","511","Population totale","3010","Population-Estimations","2020","2020","1000 personnes","3765.912","X","Ciffre de sources internationales",""
"OA","Séries temporelles annuelles","288","Ghana","511","Population totale","3010","Population-Estimations","2010","2010","1000 personnes","25574.719","X","Ciffre de sources internationales",""
"OA","Séries temporelles annuelles","288","Ghana","511","Population totale","3010","Population-Estimations","2020","2020","1000 personnes","32180.401","X","Ciffre de sources internationales",""
"OA","Séries temporelles annuelles","292","Gibraltar","511","Population totale","3010","Population-Estimations","2010","2010","1000 personnes","31.262","X","Ciffre de sources internationales",""
"OA","Séries temporelles annuelles","292","Gibraltar","511","Population totale","3010","Population-Estimations","2020","2020","1000 personnes","32.709","X","Ciffre de sources internationales",""
"OA","Séries temporelles annuelles","300","Grèce","511","Population totale","3010","Population-Estimations","2010","2010","1000 personnes","11033.783","X","Ciffre de sources internationales",""
"OA","Séries temporelles annuelles","300","Grèce","511","Population totale","3010","Population-Estimations","2020","2020","1000 personnes","10512.232","X","Ciffre de sources internationales",""
"OA","Séries temporelles annuelles","308","Grenade","511","Population totale","3010","Population-Estimations","2010","2010","1000 personnes","114.039","X","Ciffre de sources internationales",""
"OA","Séries temporelles annuelles","308","Grenade","511","Population totale","3010","Population-Estimations","2020","2020","1000 personnes","123.663","X","Ciffre de sources internationales",""
"OA","Séries temporelles annuelles","304","Groenland","511","Population totale","3010","Population-Estimations","2010","2010","1000 personnes","56.351","X","Ciffre de sources internationales",""
"OA","Séries temporelles annuelles","304","Groenland","511","Population totale","3010","Population-Estimations","2020","2020","1000 personnes","56.026","X","Ciffre de sources internationales",""
"OA","Séries temporelles annuelles","312","Guadeloupe","511","Population totale","3010","Population-Estimations","2010","2010","1000 personnes","403.072","X","Ciffre de sources internationales",""
"OA","Séries temporelles annuelles","312","Guadeloupe","511","Population totale","3010","Population-Estimations","2020","2020","1000 personnes","395.642","X","Ciffre de sources internationales",""
"OA","Séries temporelles annuelles","316","Guam","511","Population totale","3010","Population-Estimations","2010","2010","1000 personnes","164.905","X","Ciffre de sources internationales",""
"OA","Séries temporelles annuelles","316","Guam","511","Population totale","3010","Population-Estimations","2020","2020","1000 personnes","169.231","X","Ciffre de sources internationales",""
"OA","Séries temporelles annuelles","320","Guatemala","511","Population totale","3010","Population-Estimations","2010","2010","1000 personnes","14543.121","X","Ciffre de sources internationales",""
"OA","Séries temporelles annuelles","320","Guatemala","511","Population totale","3010","Population-Estimations","2020","2020","1000 personnes","17362.718","X","Ciffre de sources internationales",""
"OA","Séries temporelles annuelles","324","Guinée","511","Population totale","3010","Population-Estimations","2010","2010","1000 personnes","10270.728","X","Ciffre de sources internationales",""
"OA","Séries temporelles annuelles","324","Guinée","511","Population totale","3010","Population-Estimations","2020","2020","1000 personnes","13205.153","X","Ciffre de sources internationales",""
"OA","Séries temporelles annuelles","226","Guinée équatoriale","511","Population totale","3010","Population-Estimations","2010","2010","1000 personnes","1094.524","X","Ciffre de sources internationales",""
"OA","Séries temporelles annuelles","226","Guinée équatoriale","511","Population totale","3010","Population-Estimations","2020","2020","1000 personnes","1596.049","X","Ciffre de sources internationales",""
"OA","Séries temporelles annuelles","624","Guinée-Bissau","511","Population totale","3010","Population-Estimations","2010","2010","1000 personnes","1567.22","X","Ciffre de sources internationales",""
"OA","Séries temporelles annuelles","624","Guinée-Bissau","511","Population totale","3010","Population-Estimations","2020","2020","1000 personnes","2015.828","X","Ciffre de sources internationales",""
"OA","Séries temporelles annuelles","328","Guyana","511","Population totale","3010","Population-Estimations","2010","2010","1000 personnes","747.932","X","Ciffre de sources internationales",""
"OA","Séries temporelles annuelles","328","Guyana","511","Population totale","3010","Population-Estimations","2020","2020","1000 personnes","797.202","X","Ciffre de sources internationales",""
"OA","Séries temporelles annuelles","254","Guyane française","511","Population totale","3010","Population-Estimations","2010","2010","1000 personnes","228.453","X","Ciffre de sources internationales",""
"OA","Séries temporelles annuelles","254","Guyane française","511","Population totale","3010","Population-Estimations","2020","2020","1000 personnes","290.969","X","Ciffre de sources internationales",""
"OA","Séries temporelles annuelles","332","Haïti","511","Population totale","3010","Population-Estimations","2010","2010","1000 personnes","9842.88","X","Ciffre de sources internationales",""
"OA","Séries temporelles annuelles","332","Haïti","511","Population totale","3010","Population-Estimations","2020","2020","1000 personnes","11306.801","X","Ciffre de sources internationales",""
"OA","Séries temporelles annuelles","340","Honduras","511","Population totale","3010","Population-Estimations","2010","2010","1000 personnes","8450.933","X","Ciffre de sources internationales",""
"OA","Séries temporelles annuelles","340","Honduras","511","Population totale","3010","Population-Estimations","2020","2020","1000 personnes","10121.763","X","Ciffre de sources internationales",""
"OA","Séries temporelles annuelles","348","Hongrie","511","Population totale","3010","Population-Estimations","2010","2010","1000 personnes","9986.825","X","Ciffre de sources internationales",""
"OA","Séries temporelles annuelles","348","Hongrie","511","Population totale","3010","Population-Estimations","2020","2020","1000 personnes","9750.573","X","Ciffre de sources internationales",""
"OA","Séries temporelles annuelles","833","Île de Man","511","Population totale","3010","Population-Estimations","2010","2010","1000 personnes","83.828","X","Ciffre de sources internationales",""
"OA","Séries temporelles annuelles","833","Île de Man","511","Population totale","3010","Population-Estimations","2020","2020","1000 personnes","84.046","X","Ciffre de sources internationales",""
"OA","Séries temporelles annuelles","136","Îles Caïmanes","511","Population totale","3010","Population-Estimations","2010","2010","1000 personnes","54.074","X","Ciffre de sources internationales",""
"OA","Séries temporelles annuelles","136","Îles Caïmanes","511","Population totale","3010","Population-Estimations","2020","2020","1000 personnes","67.311","X","Ciffre de sources internationales",""
"OA","Séries temporelles annuelles","184","Îles Cook","511","Population totale","3010","Population-Estimations","2010","2010","1000 personnes","17.212","X","Ciffre de sources internationales",""
"OA","Séries temporelles annuelles","184","Îles Cook","511","Population totale","3010","Population-Estimations","2020","2020","1000 personnes","17.029","X","Ciffre de sources internationales",""
"OA","Séries temporelles annuelles","238","Îles Falkland (Malvinas)","511","Population totale","3010","Population-Estimations","2010","2010","1000 personnes","3.187","X","Ciffre de sources internationales",""
"OA","Séries temporelles annuelles","238","Îles Falkland (Malvinas)","511","Population totale","3010","Population-Estimations","2020","2020","1000 personnes","3.747","X","Ciffre de sources internationales",""
"OA","Séries temporelles annuelles","234","Îles Féroé","511","Population totale","3010","Population-Estimations","2010","2010","1000 personnes","48.41","X","Ciffre de sources internationales",""
"OA","Séries temporelles annuelles","234","Îles Féroé","511","Population totale","3010","Population-Estimations","2020","2020","1000 personnes","52.415","X","Ciffre de sources internationales",""
"OA","Séries temporelles annuelles","580","Îles Mariannes du Nord","511","Population totale","3010","Population-Estimations","2010","2010","1000 personnes","54.087","X","Ciffre de sources internationales",""
"OA","Séries temporelles annuelles","580","Îles Mariannes du Nord","511","Population totale","3010","Population-Estimations","2020","2020","1000 personnes","49.587","X","Ciffre de sources internationales",""
"OA","Séries temporelles annuelles","584","Îles Marshall","511","Population totale","3010","Population-Estimations","2010","2010","1000 personnes","53.416","X","Ciffre de sources internationales",""
"OA","Séries temporelles annuelles","584","Îles Marshall","511","Population totale","3010","Population-Estimations","2020","2020","1000 personnes","43.413","X","Ciffre de sources internationales",""
"OA","Séries temporelles annuelles","090","Îles Salomon","511","Population totale","3010","Population-Estimations","2010","2010","1000 personnes","540.394","X","Ciffre de sources internationales",""
"OA","Séries temporelles annuelles","090","Îles Salomon","511","Population totale","3010","Population-Estimations","2020","2020","1000 personnes","691.191","X","Ciffre de sources internationales",""
"OA","Séries temporelles annuelles","796","Îles Turques-et-Caïques","511","Population totale","3010","Population-Estimations","2010","2010","1000 personnes","29.726","X","Ciffre de sources internationales",""
"OA","Séries temporelles annuelles","796","Îles Turques-et-Caïques","511","Population totale","3010","Population-Estimations","2020","2020","1000 personnes","44.276","X","Ciffre de sources internationales",""
"OA","Séries temporelles annuelles","850","Îles Vierges américaines","511","Population totale","3010","Population-Estimations","2010","2010","1000 personnes","106.142","X","Ciffre de sources internationales",""
"OA","Séries temporelles annuelles","850","Îles Vierges américaines","511","Population totale","3010","Population-Estimations","2020","2020","1000 personnes","100.442","X","Ciffre de sources internationales",""
"OA","Séries temporelles annuelles","092","Îles Vierges britanniques","511","Population totale","3010","Population-Estimations","2010","2010","1000 personnes","27.556","X","Ciffre de sources internationales",""
"OA","Séries temporelles annuelles","092","Îles Vierges britanniques","511","Population totale","3010","Population-Estimations","2020","2020","1000 personnes","30.91","X","Ciffre de sources internationales",""
"OA","Séries temporelles annuelles","876","Îles Wallis-et-Futuna","511","Population totale","3010","Population-Estimations","2010","2010","1000 personnes","13.142","X","Ciffre de sources internationales",""
"OA","Séries temporelles annuelles","876","Îles Wallis-et-Futuna","511","Population totale","3010","Population-Estimations","2020","2020","1000 personnes","11.655","X","Ciffre de sources internationales",""
"OA","Séries temporelles annuelles","356","Inde","511","Population totale","3010","Population-Estimations","2010","2010","1000 personnes","1240613.62","X","Ciffre de sources internationales",""
"OA","Séries temporelles annuelles","356","Inde","511","Population totale","3010","Population-Estimations","2020","2020","1000 personnes","1396387.127","X","Ciffre de sources internationales",""
"OA","Séries temporelles annuelles","360","Indonésie","511","Population totale","3010","Population-Estimations","2010","2010","1000 personnes","244016.173","X","Ciffre de sources internationales",""
"OA","Séries temporelles annuelles","360","Indonésie","511","Population totale","3010","Population-Estimations","2020","2020","1000 personnes","271857.97","X","Ciffre de sources internationales",""
"OA","Séries temporelles annuelles","364","Iran (République islamique d')","511","Population totale","3010","Population-Estimations","2010","2010","1000 personnes","75373.855","X","Ciffre de sources internationales",""
"OA","Séries temporelles annuelles","364","Iran (République islamique d')","511","Population totale","3010","Population-Estimations","2020","2020","1000 personnes","87290.193","X","Ciffre de sources internationales",""
"OA","Séries temporelles annuelles","368","Iraq","511","Population totale","3010","Population-Estimations","2010","2010","1000 personnes","31264.875","X","Ciffre de sources internationales",""
"OA","Séries temporelles annuelles","368","Iraq","511","Population totale","3010","Population-Estimations","2020","2020","1000 personnes","42556.984","X","Ciffre de sources internationales",""
"OA","Séries temporelles annuelles","372","Irlande","511","Population totale","3010","Population-Estimations","2010","2010","1000 personnes","4524.585","X","Ciffre de sources internationales",""
"OA","Séries temporelles annuelles","372","Irlande","511","Population totale","3010","Population-Estimations","2020","2020","1000 personnes","4946.119","X","Ciffre de sources internationales",""
"OA","Séries temporelles annuelles","352","Islande","511","Population totale","3010","Population-Estimations","2010","2010","1000 personnes","318.333","X","Ciffre de sources internationales",""
"OA","Séries temporelles annuelles","352","Islande","511","Population totale","3010","Population-Estimations","2020","2020","1000 personnes","366.669","X","Ciffre de sources internationales",""
"OA","Séries temporelles annuelles","376","Israël","511","Population totale","3010","Population-Estimations","2010","2010","1000 personnes","7328.445","X","Ciffre de sources internationales",""
"OA","Séries temporelles annuelles","376","Israël","511","Population totale","3010","Population-Estimations","2020","2020","1000 personnes","8757.489","X","Ciffre de sources internationales",""
"OA","Séries temporelles annuelles","380","Italie","511","Population totale","3010","Population-Estimations","2010","2010","1000 personnes","59822.45","X","Ciffre de sources internationales",""
"OA","Séries temporelles annuelles","380","Italie","511","Population totale","3010","Population-Estimations","2020","2020","1000 personnes","59500.579","X","Ciffre de sources internationales",""
"OA","Séries temporelles annuelles","388","Jamaïque","511","Population totale","3010","Population-Estimations","2010","2010","1000 personnes","2733.896","X","Ciffre de sources internationales",""
"OA","Séries temporelles annuelles","388","Jamaïque","511","Population totale","3010","Population-Estimations","2020","2020","1000 personnes","2820.436","X","Ciffre de sources internationales",""
"OA","Séries temporelles annuelles","392","Japon","511","Population totale","3010","Population-Estimations","2010","2010","1000 personnes","128105.431","X","Ciffre de sources internationales",""
"OA","Séries temporelles annuelles","392","Japon","511","Population totale","3010","Population-Estimations","2020","2020","1000 personnes","125244.761","X","Ciffre de sources internationales",""
"OA","Séries temporelles annuelles","400","Jordanie","511","Population totale","3010","Population-Estimations","2010","2010","1000 personnes","6931.258","X","Ciffre de sources internationales",""
"OA","Séries temporelles annuelles","400","Jordanie","511","Population totale","3010","Population-Estimations","2020","2020","1000 personnes","10928.721","X","Ciffre de sources internationales",""
"OA","Séries temporelles annuelles","398","Kazakhstan","511","Population totale","3010","Population-Estimations","2010","2010","1000 personnes","16627.837","X","Ciffre de sources internationales",""
"OA","Séries temporelles annuelles","398","Kazakhstan","511","Population totale","3010","Population-Estimations","2020","2020","1000 personnes","18979.243","X","Ciffre de sources internationales",""
"OA","Séries temporelles annuelles","404","Kenya","511","Population totale","3010","Population-Estimations","2010","2010","1000 personnes","41517.895","X","Ciffre de sources internationales",""
"OA","Séries temporelles annuelles","404","Kenya","511","Population totale","3010","Population-Estimations","2020","2020","1000 personnes","51985.78","X","Ciffre de sources internationales",""
"OA","Séries temporelles annuelles","417","Kirghizistan","511","Population totale","3010","Population-Estimations","2010","2010","1000 personnes","5483.774","X","Ciffre de sources internationales",""
"OA","Séries temporelles annuelles","417","Kirghizistan","511","Population totale","3010","Population-Estimations","2020","2020","1000 personnes","6424.874","X","Ciffre de sources internationales",""
"OA","Séries temporelles annuelles","296","Kiribati","511","Population totale","3010","Population-Estimations","2010","2010","1000 personnes","107.995","X","Ciffre de sources internationales",""
"OA","Séries temporelles annuelles","296","Kiribati","511","Population totale","3010","Population-Estimations","2020","2020","1000 personnes","126.463","X","Ciffre de sources internationales",""
"OA","Séries temporelles annuelles","414","Koweït","511","Population totale","3010","Population-Estimations","2010","2010","1000 personnes","2943.356","X","Ciffre de sources internationales",""
"OA","Séries temporelles annuelles","414","Koweït","511","Population totale","3010","Population-Estimations","2020","2020","1000 personnes","4360.444","X","Ciffre de sources internationales",""
"OA","Séries temporelles annuelles","426","Lesotho","511","Population totale","3010","Population-Estimations","2010","2010","1000 personnes","2022.747","X","Ciffre de sources internationales",""
"OA","Séries temporelles annuelles","426","Lesotho","511","Population totale","3010","Population-Estimations","2020","2020","1000 personnes","2254.1","X","Ciffre de sources internationales",""
"OA","Séries temporelles annuelles","428","Lettonie","511","Population totale","3010","Population-Estimations","2010","2010","1000 personnes","2101.53","X","Ciffre de sources internationales",""
"OA","Séries temporelles annuelles","428","Lettonie","511","Population totale","3010","Population-Estimations","2020","2020","1000 personnes","1897.052","X","Ciffre de sources internationales",""
"OA","Séries temporelles annuelles","422","Liban","511","Population totale","3010","Population-Estimations","2010","2010","1000 personnes","4995.8","X","Ciffre de sources internationales",""
"OA","Séries temporelles annuelles","422","Liban","511","Population totale","3010","Population-Estimations","2020","2020","1000 personnes","5662.923","X","Ciffre de sources internationales",""
"OA","Séries temporelles annuelles","430","Libéria","511","Population totale","3010","Population-Estimations","2010","2010","1000 personnes","4019.956","X","Ciffre de sources internationales",""
"OA","Séries temporelles annuelles","430","Libéria","511","Population totale","3010","Population-Estimations","2020","2020","1000 personnes","5087.584","X","Ciffre de sources internationales",""
"OA","Séries temporelles annuelles","434","Libye","511","Population totale","3010","Population-Estimations","2010","2010","1000 personnes","6491.988","X","Ciffre de sources internationales",""
"OA","Séries temporelles annuelles","434","Libye","511","Population totale","3010","Population-Estimations","2020","2020","1000 personnes","6653.942","X","Ciffre de sources internationales",""
"OA","Séries temporelles annuelles","438","Liechtenstein","511","Population totale","3010","Population-Estimations","2010","2010","1000 personnes","35.926","X","Ciffre de sources internationales",""
"OA","Séries temporelles annuelles","438","Liechtenstein","511","Population totale","3010","Population-Estimations","2020","2020","1000 personnes","38.756","X","Ciffre de sources internationales",""
"OA","Séries temporelles annuelles","440","Lituanie","511","Population totale","3010","Population-Estimations","2010","2010","1000 personnes","3139.019","X","Ciffre de sources internationales",""
"OA","Séries temporelles annuelles","440","Lituanie","511","Population totale","3010","Population-Estimations","2020","2020","1000 personnes","2820.267","X","Ciffre de sources internationales",""
"OA","Séries temporelles annuelles","442","Luxembourg","511","Population totale","3010","Population-Estimations","2010","2010","1000 personnes","507.07","X","Ciffre de sources internationales",""
"OA","Séries temporelles annuelles","442","Luxembourg","511","Population totale","3010","Population-Estimations","2020","2020","1000 personnes","630.399","X","Ciffre de sources internationales",""
"OA","Séries temporelles annuelles","807","Macédoine du Nord","511","Population totale","3010","Population-Estimations","2010","2010","1000 personnes","2093.828","X","Ciffre de sources internationales",""
"OA","Séries temporelles annuelles","807","Macédoine du Nord","511","Population totale","3010","Population-Estimations","2020","2020","1000 personnes","2111.072","X","Ciffre de sources internationales",""
"OA","Séries temporelles annuelles","450","Madagascar","511","Population totale","3010","Population-Estimations","2010","2010","1000 personnes","21731.053","X","Ciffre de sources internationales",""
"OA","Séries temporelles annuelles","450","Madagascar","511","Population totale","3010","Population-Estimations","2020","2020","1000 personnes","28225.177","X","Ciffre de sources internationales",""
"OA","Séries temporelles annuelles","458","Malaisie","511","Population totale","3010","Population-Estimations","2010","2010","1000 personnes","28717.731","X","Ciffre de sources internationales",""
"OA","Séries temporelles annuelles","458","Malaisie","511","Population totale","3010","Population-Estimations","2020","2020","1000 personnes","33199.993","X","Ciffre de sources internationales",""
"OA","Séries temporelles annuelles","454","Malawi","511","Population totale","3010","Population-Estimations","2010","2010","1000 personnes","14718.422","X","Ciffre de sources internationales",""
"OA","Séries temporelles annuelles","454","Malawi","511","Population totale","3010","Population-Estimations","2020","2020","1000 personnes","19377.061","X","Ciffre de sources internationales",""
"OA","Séries temporelles annuelles","462","Maldives","511","Population totale","3010","Population-Estimations","2010","2010","1000 personnes","361.575","X","Ciffre de sources internationales",""
"OA","Séries temporelles annuelles","462","Maldives","511","Population totale","3010","Population-Estimations","2020","2020","1000 personnes","514.438","X","Ciffre de sources internationales",""
"OA","Séries temporelles annuelles","466","Mali","511","Population totale","3010","Population-Estimations","2010","2010","1000 personnes","15529.181","X","Ciffre de sources internationales",""
"OA","Séries temporelles annuelles","466","Mali","511","Population totale","3010","Population-Estimations","2020","2020","1000 personnes","21224.04","X","Ciffre de sources internationales",""
"OA","Séries temporelles annuelles","470","Malte","511","Population totale","3010","Population-Estimations","2010","2010","1000 personnes","418.755","X","Ciffre de sources internationales",""
"OA","Séries temporelles annuelles","470","Malte","511","Population totale","3010","Population-Estimations","2020","2020","1000 personnes","515.358","X","Ciffre de sources internationales",""
"OA","Séries temporelles annuelles","504","Maroc","511","Population totale","3010","Population-Estimations","2010","2010","1000 personnes","32464.865","X","Ciffre de sources internationales",""
"OA","Séries temporelles annuelles","504","Maroc","511","Population totale","3010","Population-Estimations","2020","2020","1000 personnes","36688.772","X","Ciffre de sources internationales",""
"OA","Séries temporelles annuelles","474","Martinique","511","Population totale","3010","Population-Estimations","2010","2010","1000 personnes","392.181","X","Ciffre de sources internationales",""
"OA","Séries temporelles annuelles","474","Martinique","511","Population totale","3010","Population-Estimations","2020","2020","1000 personnes","370.391","X","Ciffre de sources internationales",""
"OA","Séries temporelles annuelles","480","Maurice","511","Population totale","3010","Population-Estimations","2010","2010","1000 personnes","1283.33","X","Ciffre de sources internationales",""
"OA","Séries temporelles annuelles","480","Maurice","511","Population totale","3010","Population-Estimations","2020","2020","1000 personnes","1297.828","X","Ciffre de sources internationales",""
"OA","Séries temporelles annuelles","478","Mauritanie","511","Population totale","3010","Population-Estimations","2010","2010","1000 personnes","3419.461","X","Ciffre de sources internationales",""
"OA","Séries temporelles annuelles","478","Mauritanie","511","Population totale","3010","Population-Estimations","2020","2020","1000 personnes","4498.604","X","Ciffre de sources internationales",""
"OA","Séries temporelles annuelles","175","Mayotte","511","Population totale","3010","Population-Estimations","2010","2010","1000 personnes","211.786","X","Ciffre de sources internationales",""
"OA","Séries temporelles annuelles","175","Mayotte","511","Population totale","3010","Population-Estimations","2020","2020","1000 personnes","305.587","X","Ciffre de sources internationales",""
"OA","Séries temporelles annuelles","484","Mexique","511","Population totale","3010","Population-Estimations","2010","2010","1000 personnes","112532.401","X","Ciffre de sources internationales",""
"OA","Séries temporelles annuelles","484","Mexique","511","Population totale","3010","Population-Estimations","2020","2020","1000 personnes","125998.302","X","Ciffre de sources internationales",""
"OA","Séries temporelles annuelles","583","Micronésie (États fédérés de)","511","Population totale","3010","Population-Estimations","2010","2010","1000 personnes","107.588","X","Ciffre de sources internationales",""
"OA","Séries temporelles annuelles","583","Micronésie (États fédérés de)","511","Population totale","3010","Population-Estimations","2020","2020","1000 personnes","112.106","X","Ciffre de sources internationales",""
"OA","Séries temporelles annuelles","492","Monaco","511","Population totale","3010","Population-Estimations","2010","2010","1000 personnes","33.178","X","Ciffre de sources internationales",""
"OA","Séries temporelles annuelles","492","Monaco","511","Population totale","3010","Population-Estimations","2020","2020","1000 personnes","36.922","X","Ciffre de sources internationales",""
"OA","Séries temporelles annuelles","496","Mongolie","511","Population totale","3010","Population-Estimations","2010","2010","1000 personnes","2702.52","X","Ciffre de sources internationales",""
"OA","Séries temporelles annuelles","496","Mongolie","511","Population totale","3010","Population-Estimations","2020","2020","1000 personnes","3294.335","X","Ciffre de sources internationales",""
"OA","Séries temporelles annuelles","499","Monténégro","511","Population totale","3010","Population-Estimations","2010","2010","1000 personnes","631.044","X","Ciffre de sources internationales",""
"OA","Séries temporelles annuelles","499","Monténégro","511","Population totale","3010","Population-Estimations","2020","2020","1000 personnes","629.048","X","Ciffre de sources internationales",""
"OA","Séries temporelles annuelles","500","Montserrat","511","Population totale","3010","Population-Estimations","2010","2010","1000 personnes","4.938","X","Ciffre de sources internationales",""
"OA","Séries temporelles annuelles","500","Montserrat","511","Population totale","3010","Population-Estimations","2020","2020","1000 personnes","4.5","X","Ciffre de sources internationales",""
"OA","Séries temporelles annuelles","508","Mozambique","511","Population totale","3010","Population-Estimations","2010","2010","1000 personnes","23073.723","X","Ciffre de sources internationales",""
"OA","Séries temporelles annuelles","508","Mozambique","511","Population totale","3010","Population-Estimations","2020","2020","1000 personnes","31178.239","X","Ciffre de sources internationales",""
"OA","Séries temporelles annuelles","104","Myanmar","511","Population totale","3010","Population-Estimations","2010","2010","1000 personnes","49390.988","X","Ciffre de sources internationales",""
"OA","Séries temporelles annuelles","104","Myanmar","511","Population totale","3010","Population-Estimations","2020","2020","1000 personnes","53423.198","X","Ciffre de sources internationales",""
"OA","Séries temporelles annuelles","516","Namibie","511","Population totale","3010","Population-Estimations","2010","2010","1000 personnes","2099.271","X","Ciffre de sources internationales",""
"OA","Séries temporelles annuelles","516","Namibie","511","Population totale","3010","Population-Estimations","2020","2020","1000 personnes","2489.098","X","Ciffre de sources internationales",""
"OA","Séries temporelles annuelles","520","Nauru","511","Population totale","3010","Population-Estimations","2010","2010","1000 personnes","10.241","X","Ciffre de sources internationales",""
"OA","Séries temporelles annuelles","520","Nauru","511","Population totale","3010","Population-Estimations","2020","2020","1000 personnes","12.315","X","Ciffre de sources internationales",""
"OA","Séries temporelles annuelles","524","Népal","511","Population totale","3010","Population-Estimations","2010","2010","1000 personnes","27161.567","X","Ciffre de sources internationales",""
"OA","Séries temporelles annuelles","524","Népal","511","Population totale","3010","Population-Estimations","2020","2020","1000 personnes","29348.627","X","Ciffre de sources internationales",""
"OA","Séries temporelles annuelles","558","Nicaragua","511","Population totale","3010","Population-Estimations","2010","2010","1000 personnes","5855.734","X","Ciffre de sources internationales",""
"OA","Séries temporelles annuelles","558","Nicaragua","511","Population totale","3010","Population-Estimations","2020","2020","1000 personnes","6755.895","X","Ciffre de sources internationales",""
"OA","Séries temporelles annuelles","562","Niger","511","Population totale","3010","Population-Estimations","2010","2010","1000 personnes","16647.543","X","Ciffre de sources internationales",""
"OA","Séries temporelles annuelles","562","Niger","511","Population totale","3010","Population-Estimations","2020","2020","1000 personnes","24333.639","X","Ciffre de sources internationales",""
"OA","Séries temporelles annuelles","566","Nigéria","511","Population totale","3010","Population-Estimations","2010","2010","1000 personnes","160952.853","X","Ciffre de sources internationales",""
"OA","Séries temporelles annuelles","566","Nigéria","511","Population totale","3010","Population-Estimations","2020","2020","1000 personnes","208327.405","X","Ciffre de sources internationales",""
"OA","Séries temporelles annuelles","570","Nioué","511","Population totale","3010","Population-Estimations","2010","2010","1000 personnes","1.812","X","Ciffre de sources internationales",""
"OA","Séries temporelles annuelles","570","Nioué","511","Population totale","3010","Population-Estimations","2020","2020","1000 personnes","1.942","X","Ciffre de sources internationales",""
"OA","Séries temporelles annuelles","578","Norvège","511","Population totale","3010","Population-Estimations","2010","2010","1000 personnes","4889.741","X","Ciffre de sources internationales",""
"OA","Séries temporelles annuelles","578","Norvège","511","Population totale","3010","Population-Estimations","2020","2020","1000 personnes","5379.839","X","Ciffre de sources internationales",""
"OA","Séries temporelles annuelles","540","Nouvelle-Calédonie","511","Population totale","3010","Population-Estimations","2010","2010","1000 personnes","261.426","X","Ciffre de sources internationales",""
"OA","Séries temporelles annuelles","540","Nouvelle-Calédonie","511","Population totale","3010","Population-Estimations","2020","2020","1000 personnes","286.403","X","Ciffre de sources internationales",""
"OA","Séries temporelles annuelles","554","Nouvelle-Zélande","511","Population totale","3010","Population-Estimations","2010","2010","1000 personnes","4346.338","X","Ciffre de sources internationales",""
"OA","Séries temporelles annuelles","554","Nouvelle-Zélande","511","Population totale","3010","Population-Estimations","2020","2020","1000 personnes","5061.133","X","Ciffre de sources internationales",""
"OA","Séries temporelles annuelles","512","Oman","511","Population totale","3010","Population-Estimations","2010","2010","1000 personnes","2881.914","X","Ciffre de sources internationales",""
"OA","Séries temporelles annuelles","512","Oman","511","Population totale","3010","Population-Estimations","2020","2020","1000 personnes","4543.399","X","Ciffre de sources internationales",""
"OA","Séries temporelles annuelles","800","Ouganda","511","Population totale","3010","Population-Estimations","2010","2010","1000 personnes","32341.728","X","Ciffre de sources internationales",""
"OA","Séries temporelles annuelles","800","Ouganda","511","Population totale","3010","Population-Estimations","2020","2020","1000 personnes","44404.611","X","Ciffre de sources internationales",""
"OA","Séries temporelles annuelles","860","Ouzbékistan","511","Population totale","3010","Population-Estimations","2010","2010","1000 personnes","28614.227","X","Ciffre de sources internationales",""
"OA","Séries temporelles annuelles","860","Ouzbékistan","511","Population totale","3010","Population-Estimations","2020","2020","1000 personnes","33526.656","X","Ciffre de sources internationales",""
"OA","Séries temporelles annuelles","586","Pakistan","511","Population totale","3010","Population-Estimations","2010","2010","1000 personnes","194454.498","X","Ciffre de sources internationales",""
"OA","Séries temporelles annuelles","586","Pakistan","511","Population totale","3010","Population-Estimations","2020","2020","1000 personnes","227196.741","X","Ciffre de sources internationales",""
"OA","Séries temporelles annuelles","585","Palaos","511","Population totale","3010","Population-Estimations","2010","2010","1000 personnes","18.54","X","Ciffre de sources internationales",""
"OA","Séries temporelles annuelles","585","Palaos","511","Population totale","3010","Population-Estimations","2020","2020","1000 personnes","17.972","X","Ciffre de sources internationales",""
"OA","Séries temporelles annuelles","275","Palestine","511","Population totale","3010","Population-Estimations","2010","2010","1000 personnes","3992.278","X","Ciffre de sources internationales",""
"OA","Séries temporelles annuelles","275","Palestine","511","Population totale","3010","Population-Estimations","2020","2020","1000 personnes","5019.401","X","Ciffre de sources internationales",""
"OA","Séries temporelles annuelles","591","Panama","511","Population totale","3010","Population-Estimations","2010","2010","1000 personnes","3623.617","X","Ciffre de sources internationales",""
"OA","Séries temporelles annuelles","591","Panama","511","Population totale","3010","Population-Estimations","2020","2020","1000 personnes","4294.396","X","Ciffre de sources internationales",""
"OA","Séries temporelles annuelles","598","Papouasie-Nouvelle-Guinée","511","Population totale","3010","Population-Estimations","2010","2010","1000 personnes","7583.269","X","Ciffre de sources internationales",""
"OA","Séries temporelles annuelles","598","Papouasie-Nouvelle-Guinée","511","Population totale","3010","Population-Estimations","2020","2020","1000 personnes","9749.64","X","Ciffre de sources internationales",""
"OA","Séries temporelles annuelles","600","Paraguay","511","Population totale","3010","Population-Estimations","2010","2010","1000 personnes","5768.613","X","Ciffre de sources internationales",""
"OA","Séries temporelles annuelles","600","Paraguay","511","Population totale","3010","Population-Estimations","2020","2020","1000 personnes","6618.695","X","Ciffre de sources internationales",""
"OA","Séries temporelles annuelles","528","Pays-Bas","511","Population totale","3010","Population-Estimations","2010","2010","1000 personnes","16617.117","X","Ciffre de sources internationales",""
"OA","Séries temporelles annuelles","528","Pays-Bas","511","Population totale","3010","Population-Estimations","2020","2020","1000 personnes","17434.557","X","Ciffre de sources internationales",""
"OA","Séries temporelles annuelles","604","Pérou","511","Population totale","3010","Population-Estimations","2010","2010","1000 personnes","29229.572","X","Ciffre de sources internationales",""
"OA","Séries temporelles annuelles","604","Pérou","511","Population totale","3010","Population-Estimations","2020","2020","1000 personnes","33304.756","X","Ciffre de sources internationales",""
"OA","Séries temporelles annuelles","608","Philippines","511","Population totale","3010","Population-Estimations","2010","2010","1000 personnes","94636.7","X","Ciffre de sources internationales",""
"OA","Séries temporelles annuelles","608","Philippines","511","Population totale","3010","Population-Estimations","2020","2020","1000 personnes","112190.977","X","Ciffre de sources internationales",""
"OA","Séries temporelles annuelles","616","Pologne","511","Population totale","3010","Population-Estimations","2010","2010","1000 personnes","38597.353","X","Ciffre de sources internationales",""
"OA","Séries temporelles annuelles","616","Pologne","511","Population totale","3010","Population-Estimations","2020","2020","1000 personnes","38428.366","X","Ciffre de sources internationales",""
"OA","Séries temporelles annuelles","258","Polynésie française","511","Population totale","3010","Population-Estimations","2010","2010","1000 personnes","283.788","X","Ciffre de sources internationales",""
"OA","Séries temporelles annuelles","258","Polynésie française","511","Population totale","3010","Population-Estimations","2020","2020","1000 personnes","301.92","X","Ciffre de sources internationales",""
"OA","Séries temporelles annuelles","630","Porto Rico","511","Population totale","3010","Population-Estimations","2010","2010","1000 personnes","3717.922","X","Ciffre de sources internationales",""
"OA","Séries temporelles annuelles","630","Porto Rico","511","Population totale","3010","Population-Estimations","2020","2020","1000 personnes","3271.564","X","Ciffre de sources internationales",""
"OA","Séries temporelles annuelles","620","Portugal","511","Population totale","3010","Population-Estimations","2010","2010","1000 personnes","10588.401","X","Ciffre de sources internationales",""
"OA","Séries temporelles annuelles","620","Portugal","511","Population totale","3010","Population-Estimations","2020","2020","1000 personnes","10298.192","X","Ciffre de sources internationales",""
"OA","Séries temporelles annuelles","634","Qatar","511","Population totale","3010","Population-Estimations","2010","2010","1000 personnes","1713.504","X","Ciffre de sources internationales",""
"OA","Séries temporelles annuelles","634","Qatar","511","Population totale","3010","Population-Estimations","2020","2020","1000 personnes","2760.385","X","Ciffre de sources internationales",""
"OA","Séries temporelles annuelles","760","République arabe syrienne","511","Population totale","3010","Population-Estimations","2010","2010","1000 personnes","22337.563","X","Ciffre de sources internationales",""
"OA","Séries temporelles annuelles","760","République arabe syrienne","511","Population totale","3010","Population-Estimations","2020","2020","1000 personnes","20772.595","X","Ciffre de sources internationales",""
"OA","Séries temporelles annuelles","140","République centrafricaine","511","Population totale","3010","Population-Estimations","2010","2010","1000 personnes","4660.067","X","Ciffre de sources internationales",""
"OA","Séries temporelles annuelles","140","République centrafricaine","511","Population totale","3010","Population-Estimations","2020","2020","1000 personnes","5343.02","X","Ciffre de sources internationales",""
"OA","Séries temporelles annuelles","410","République de Corée","511","Population totale","3010","Population-Estimations","2010","2010","1000 personnes","48813.042","X","Ciffre de sources internationales",""
"OA","Séries temporelles annuelles","410","République de Corée","511","Population totale","3010","Population-Estimations","2020","2020","1000 personnes","51844.69","X","Ciffre de sources internationales",""
"OA","Séries temporelles annuelles","498","République de Moldova","511","Population totale","3010","Population-Estimations","2010","2010","1000 personnes","3678.186","X","Ciffre de sources internationales",""
"OA","Séries temporelles annuelles","498","République de Moldova","511","Population totale","3010","Population-Estimations","2020","2020","1000 personnes","3084.847","X","Ciffre de sources internationales",""
"OA","Séries temporelles annuelles","180","République démocratique du Congo","511","Population totale","3010","Population-Estimations","2010","2010","1000 personnes","66391.257","X","Ciffre de sources internationales",""
"OA","Séries temporelles annuelles","180","République démocratique du Congo","511","Population totale","3010","Population-Estimations","2020","2020","1000 personnes","92853.164","X","Ciffre de sources internationales",""
"OA","Séries temporelles annuelles","418","République démocratique populaire lao","511","Population totale","3010","Population-Estimations","2010","2010","1000 personnes","6323.418","X","Ciffre de sources internationales",""
"OA","Séries temporelles annuelles","418","République démocratique populaire lao","511","Population totale","3010","Population-Estimations","2020","2020","1000 personnes","7319.399","X","Ciffre de sources internationales",""
"OA","Séries temporelles annuelles","214","République dominicaine","511","Population totale","3010","Population-Estimations","2010","2010","1000 personnes","9775.755","X","Ciffre de sources internationales",""
"OA","Séries temporelles annuelles","214","République dominicaine","511","Population totale","3010","Population-Estimations","2020","2020","1000 personnes","10999.664","X","Ciffre de sources internationales",""
"OA","Séries temporelles annuelles","408","République populaire démocratique de Corée","511","Population totale","3010","Population-Estimations","2010","2010","1000 personnes","24686.435","X","Ciffre de sources internationales",""
"OA","Séries temporelles annuelles","408","République populaire démocratique de Corée","511","Population totale","3010","Population-Estimations","2020","2020","1000 personnes","25867.467","X","Ciffre de sources internationales",""
"OA","Séries temporelles annuelles","834","République-Unie de Tanzanie","511","Population totale","3010","Population-Estimations","2010","2010","1000 personnes","45110.527","X","Ciffre de sources internationales",""
"OA","Séries temporelles annuelles","834","République-Unie de Tanzanie","511","Population totale","3010","Population-Estimations","2020","2020","1000 personnes","61704.518","X","Ciffre de sources internationales",""
"OA","Séries temporelles annuelles","638","Réunion","511","Population totale","3010","Population-Estimations","2010","2010","1000 personnes","890.13","X","Ciffre de sources internationales",""
"OA","Séries temporelles annuelles","638","Réunion","511","Population totale","3010","Population-Estimations","2020","2020","1000 personnes","957.822","X","Ciffre de sources internationales",""
"OA","Séries temporelles annuelles","642","Roumanie","511","Population totale","3010","Population-Estimations","2010","2010","1000 personnes","20335.211","X","Ciffre de sources internationales",""
"OA","Séries temporelles annuelles","642","Roumanie","511","Population totale","3010","Population-Estimations","2020","2020","1000 personnes","19442.038","X","Ciffre de sources internationales",""
"OA","Séries temporelles annuelles","826","Royaume-Uni de Grande-Bretagne et d'Irlande du Nord","511","Population totale","3010","Population-Estimations","2010","2010","1000 personnes","62760.039","X","Ciffre de sources internationales",""
"OA","Séries temporelles annuelles","826","Royaume-Uni de Grande-Bretagne et d'Irlande du Nord","511","Population totale","3010","Population-Estimations","2020","2020","1000 personnes","67059.474","X","Ciffre de sources internationales",""
"OA","Séries temporelles annuelles","646","Rwanda","511","Population totale","3010","Population-Estimations","2010","2010","1000 personnes","10309.031","X","Ciffre de sources internationales",""
"OA","Séries temporelles annuelles","646","Rwanda","511","Population totale","3010","Population-Estimations","2020","2020","1000 personnes","13146.362","X","Ciffre de sources internationales",""
"OA","Séries temporelles annuelles","732","Sahara occidental","511","Population totale","3010","Population-Estimations","2010","2010","1000 personnes","413.296","X","Ciffre de sources internationales",""
"OA","Séries temporelles annuelles","732","Sahara occidental","511","Population totale","3010","Population-Estimations","2020","2020","1000 personnes","556.048","X","Ciffre de sources internationales",""
"OA","Séries temporelles annuelles","652","Saint-Barthélemy","511","Population totale","3010","Population-Estimations","2020","2020","1000 personnes","10.681","X","Ciffre de sources internationales",""
"OA","Séries temporelles annuelles","654","Sainte-Hélène, Ascension et Tristan da Cunha","511","Population totale","3010","Population-Estimations","2010","2010","1000 personnes","5.321","X","Ciffre de sources internationales",""
"OA","Séries temporelles annuelles","654","Sainte-Hélène, Ascension et Tristan da Cunha","511","Population totale","3010","Population-Estimations","2020","2020","1000 personnes","5.42","X","Ciffre de sources internationales",""
"OA","Séries temporelles annuelles","662","Sainte-Lucie","511","Population totale","3010","Population-Estimations","2010","2010","1000 personnes","170.935","X","Ciffre de sources internationales",""
"OA","Séries temporelles annuelles","662","Sainte-Lucie","511","Population totale","3010","Population-Estimations","2020","2020","1000 personnes","179.237","X","Ciffre de sources internationales",""
"OA","Séries temporelles annuelles","659","Saint-Kitts-et-Nevis","511","Population totale","3010","Population-Estimations","2010","2010","1000 personnes","47.403","X","Ciffre de sources internationales",""
"OA","Séries temporelles annuelles","659","Saint-Kitts-et-Nevis","511","Population totale","3010","Population-Estimations","2020","2020","1000 personnes","47.642","X","Ciffre de sources internationales",""
"OA","Séries temporelles annuelles","674","Saint-Marin","511","Population totale","3010","Population-Estimations","2010","2010","1000 personnes","31.608","X","Ciffre de sources internationales",""
"OA","Séries temporelles annuelles","674","Saint-Marin","511","Population totale","3010","Population-Estimations","2020","2020","1000 personnes","34.007","X","Ciffre de sources internationales",""
"OA","Séries temporelles annuelles","663","Saint-Martin (partie française)","511","Population totale","3010","Population-Estimations","2020","2020","1000 personnes","32.553","X","Ciffre de sources internationales",""
"OA","Séries temporelles annuelles","666","Saint-Pierre-et-Miquelon","511","Population totale","3010","Population-Estimations","2010","2010","1000 personnes","6.052","X","Ciffre de sources internationales",""
"OA","Séries temporelles annuelles","666","Saint-Pierre-et-Miquelon","511","Population totale","3010","Population-Estimations","2020","2020","1000 personnes","5.906","X","Ciffre de sources internationales",""
"OA","Séries temporelles annuelles","336","Saint-Siège","511","Population totale","3010","Population-Estimations","2010","2010","1000 personnes","0.596","X","Ciffre de sources internationales",""
"OA","Séries temporelles annuelles","336","Saint-Siège","511","Population totale","3010","Population-Estimations","2020","2020","1000 personnes","0.52","X","Ciffre de sources internationales",""
"OA","Séries temporelles annuelles","670","Saint-Vincent-et-les Grenadines","511","Population totale","3010","Population-Estimations","2010","2010","1000 personnes","109.308","X","Ciffre de sources internationales",""
"OA","Séries temporelles annuelles","670","Saint-Vincent-et-les Grenadines","511","Population totale","3010","Population-Estimations","2020","2020","1000 personnes","104.632","X","Ciffre de sources internationales",""
"OA","Séries temporelles annuelles","882","Samoa","511","Population totale","3010","Population-Estimations","2010","2010","1000 personnes","194.672","X","Ciffre de sources internationales",""
"OA","Séries temporelles annuelles","882","Samoa","511","Population totale","3010","Population-Estimations","2020","2020","1000 personnes","214.929","X","Ciffre de sources internationales",""
"OA","Séries temporelles annuelles","016","Samoa américaines","511","Population totale","3010","Population-Estimations","2010","2010","1000 personnes","54.849","X","Ciffre de sources internationales",""
"OA","Séries temporelles annuelles","016","Samoa américaines","511","Population totale","3010","Population-Estimations","2020","2020","1000 personnes","46.189","X","Ciffre de sources internationales",""
"OA","Séries temporelles annuelles","678","Sao Tomé-et-Principe","511","Population totale","3010","Population-Estimations","2010","2010","1000 personnes","182.138","X","Ciffre de sources internationales",""
"OA","Séries temporelles annuelles","678","Sao Tomé-et-Principe","511","Population totale","3010","Population-Estimations","2020","2020","1000 personnes","218.641","X","Ciffre de sources internationales",""
"OA","Séries temporelles annuelles","686","Sénégal","511","Population totale","3010","Population-Estimations","2010","2010","1000 personnes","12530.121","X","Ciffre de sources internationales",""
"OA","Séries temporelles annuelles","686","Sénégal","511","Population totale","3010","Population-Estimations","2020","2020","1000 personnes","16436.12","X","Ciffre de sources internationales",""
"OA","Séries temporelles annuelles","688","Serbie","511","Population totale","3010","Population-Estimations","2010","2010","1000 personnes","7653.748","X","Ciffre de sources internationales",""
"OA","Séries temporelles annuelles","688","Serbie","511","Population totale","3010","Population-Estimations","2020","2020","1000 personnes","7358.005","X","Ciffre de sources internationales",""
"OA","Séries temporelles annuelles","690","Seychelles","511","Population totale","3010","Population-Estimations","2010","2010","1000 personnes","92.409","X","Ciffre de sources internationales",""
"OA","Séries temporelles annuelles","690","Seychelles","511","Population totale","3010","Population-Estimations","2020","2020","1000 personnes","105.53","X","Ciffre de sources internationales",""
"OA","Séries temporelles annuelles","694","Sierra Leone","511","Population totale","3010","Population-Estimations","2010","2010","1000 personnes","6436.698","X","Ciffre de sources internationales",""
"OA","Séries temporelles annuelles","694","Sierra Leone","511","Population totale","3010","Population-Estimations","2020","2020","1000 personnes","8233.97","X","Ciffre de sources internationales",""
"OA","Séries temporelles annuelles","702","Singapour","511","Population totale","3010","Population-Estimations","2010","2010","1000 personnes","5163.59","X","Ciffre de sources internationales",""
"OA","Séries temporelles annuelles","702","Singapour","511","Population totale","3010","Population-Estimations","2020","2020","1000 personnes","5909.869","X","Ciffre de sources internationales",""
"OA","Séries temporelles annuelles","534","Sint Maarten (partie néerlandaise)","511","Population totale","3010","Population-Estimations","2020","2020","1000 personnes","43.621","X","Ciffre de sources internationales",""
"OA","Séries temporelles annuelles","703","Slovaquie","511","Population totale","3010","Population-Estimations","2010","2010","1000 personnes","5396.424","X","Ciffre de sources internationales",""
"OA","Séries temporelles annuelles","703","Slovaquie","511","Population totale","3010","Population-Estimations","2020","2020","1000 personnes","5456.681","X","Ciffre de sources internationales",""
"OA","Séries temporelles annuelles","705","Slovénie","511","Population totale","3010","Population-Estimations","2010","2010","1000 personnes","2057.287","X","Ciffre de sources internationales",""
"OA","Séries temporelles annuelles","705","Slovénie","511","Population totale","3010","Population-Estimations","2020","2020","1000 personnes","2117.641","X","Ciffre de sources internationales",""
"OA","Séries temporelles annuelles","706","Somalie","511","Population totale","3010","Population-Estimations","2010","2010","1000 personnes","12026.649","X","Ciffre de sources internationales",""
"OA","Séries temporelles annuelles","706","Somalie","511","Population totale","3010","Population-Estimations","2020","2020","1000 personnes","16537.016","X","Ciffre de sources internationales",""
"OA","Séries temporelles annuelles","729","Soudan","511","Population totale","3010","Population-Estimations","2020","2020","1000 personnes","44440.486","X","Ciffre de sources internationales",""
"OA","Séries temporelles annuelles","736","Soudan (ex)","511","Population totale","3010","Population-Estimations","2010","2010","1000 personnes","43454.352","E","Valeur estimée",""
"OA","Séries temporelles annuelles","728","Soudan du Sud","511","Population totale","3010","Population-Estimations","2020","2020","1000 personnes","10606.227","X","Ciffre de sources internationales",""
"OA","Séries temporelles annuelles","144","Sri Lanka","511","Population totale","3010","Population-Estimations","2010","2010","1000 personnes","20668.557","X","Ciffre de sources internationales",""
"OA","Séries temporelles annuelles","144","Sri Lanka","511","Population totale","3010","Population-Estimations","2020","2020","1000 personnes","21715.079","X","Ciffre de sources internationales",""
"OA","Séries temporelles annuelles","752","Suède","511","Population totale","3010","Population-Estimations","2010","2010","1000 personnes","9381.729","X","Ciffre de sources internationales",""
"OA","Séries temporelles annuelles","752","Suède","511","Population totale","3010","Population-Estimations","2020","2020","1000 personnes","10368.969","X","Ciffre de sources internationales",""
"OA","Séries temporelles annuelles","756","Suisse","511","Population totale","3010","Population-Estimations","2010","2010","1000 personnes","7822.435","X","Ciffre de sources internationales",""
"OA","Séries temporelles annuelles","756","Suisse","511","Population totale","3010","Population-Estimations","2020","2020","1000 personnes","8638.613","X","Ciffre de sources internationales",""
"OA","Séries temporelles annuelles","740","Suriname","511","Population totale","3010","Population-Estimations","2010","2010","1000 personnes","546.08","X","Ciffre de sources internationales",""
"OA","Séries temporelles annuelles","740","Suriname","511","Population totale","3010","Population-Estimations","2020","2020","1000 personnes","607.065","X","Ciffre de sources internationales",""
"OA","Séries temporelles annuelles","762","Tadjikistan","511","Population totale","3010","Population-Estimations","2010","2010","1000 personnes","7621.779","X","Ciffre de sources internationales",""
"OA","Séries temporelles annuelles","762","Tadjikistan","511","Population totale","3010","Population-Estimations","2020","2020","1000 personnes","9543.207","X","Ciffre de sources internationales",""
"OA","Séries temporelles annuelles","148","Tchad","511","Population totale","3010","Population-Estimations","2010","2010","1000 personnes","11894.727","X","Ciffre de sources internationales",""
"OA","Séries temporelles annuelles","148","Tchad","511","Population totale","3010","Population-Estimations","2020","2020","1000 personnes","16644.701","X","Ciffre de sources internationales",""
"OA","Séries temporelles annuelles","203","Tchéquie","511","Population totale","3010","Population-Estimations","2010","2010","1000 personnes","10464.749","X","Ciffre de sources internationales",""
"OA","Séries temporelles annuelles","203","Tchéquie","511","Population totale","3010","Population-Estimations","2020","2020","1000 personnes","10530.953","X","Ciffre de sources internationales",""
"OA","Séries temporelles annuelles","764","Thaïlande","511","Population totale","3010","Population-Estimations","2010","2010","1000 personnes","68270.489","X","Ciffre de sources internationales",""
"OA","Séries temporelles annuelles","764","Thaïlande","511","Population totale","3010","Population-Estimations","2020","2020","1000 personnes","71475.664","X","Ciffre de sources internationales",""
"OA","Séries temporelles annuelles","626","Timor-Leste","511","Population totale","3010","Population-Estimations","2010","2010","1000 personnes","1088.486","X","Ciffre de sources internationales",""
"OA","Séries temporelles annuelles","626","Timor-Leste","511","Population totale","3010","Population-Estimations","2020","2020","1000 personnes","1299.995","X","Ciffre de sources internationales",""
"OA","Séries temporelles annuelles","768","Togo","511","Population totale","3010","Population-Estimations","2010","2010","1000 personnes","6571.855","X","Ciffre de sources internationales",""
"OA","Séries temporelles annuelles","768","Togo","511","Population totale","3010","Population-Estimations","2020","2020","1000 personnes","8442.58","X","Ciffre de sources internationales",""
"OA","Séries temporelles annuelles","772","Tokélaou","511","Population totale","3010","Population-Estimations","2010","2010","1000 personnes","1.367","X","Ciffre de sources internationales",""
"OA","Séries temporelles annuelles","772","Tokélaou","511","Population totale","3010","Population-Estimations","2020","2020","1000 personnes","1.827","X","Ciffre de sources internationales",""
"OA","Séries temporelles annuelles","776","Tonga","511","Population totale","3010","Population-Estimations","2010","2010","1000 personnes","107.383","X","Ciffre de sources internationales",""
"OA","Séries temporelles annuelles","776","Tonga","511","Population totale","3010","Population-Estimations","2020","2020","1000 personnes","105.254","X","Ciffre de sources internationales",""
"OA","Séries temporelles annuelles","780","Trinité-et-Tobago","511","Population totale","3010","Population-Estimations","2010","2010","1000 personnes","1410.296","X","Ciffre de sources internationales",""
"OA","Séries temporelles annuelles","780","Trinité-et-Tobago","511","Population totale","3010","Population-Estimations","2020","2020","1000 personnes","1518.147","X","Ciffre de sources internationales",""
"OA","Séries temporelles annuelles","788","Tunisie","511","Population totale","3010","Population-Estimations","2010","2010","1000 personnes","10895.063","X","Ciffre de sources internationales",""
"OA","Séries temporelles annuelles","788","Tunisie","511","Population totale","3010","Population-Estimations","2020","2020","1000 personnes","12161.723","X","Ciffre de sources internationales",""
"OA","Séries temporelles annuelles","795","Turkménistan","511","Population totale","3010","Population-Estimations","2010","2010","1000 personnes","5267.97","X","Ciffre de sources internationales",""
"OA","Séries temporelles annuelles","795","Turkménistan","511","Population totale","3010","Population-Estimations","2020","2020","1000 personnes","6250.438","X","Ciffre de sources internationales",""
"OA","Séries temporelles annuelles","792","Turquie","511","Population totale","3010","Population-Estimations","2010","2010","1000 personnes","73195.345","X","Ciffre de sources internationales",""
"OA","Séries temporelles annuelles","792","Turquie","511","Population totale","3010","Population-Estimations","2020","2020","1000 personnes","84135.428","X","Ciffre de sources internationales",""
"OA","Séries temporelles annuelles","798","Tuvalu","511","Population totale","3010","Population-Estimations","2010","2010","1000 personnes","10.55","X","Ciffre de sources internationales",""
"OA","Séries temporelles annuelles","798","Tuvalu","511","Population totale","3010","Population-Estimations","2020","2020","1000 personnes","11.069","X","Ciffre de sources internationales",""
"OA","Séries temporelles annuelles","804","Ukraine","511","Population totale","3010","Population-Estimations","2010","2010","1000 personnes","45683.02","X","Ciffre de sources internationales",""
"OA","Séries temporelles annuelles","804","Ukraine","511","Population totale","3010","Population-Estimations","2020","2020","1000 personnes","43909.666","X","Ciffre de sources internationales",""
"OA","Séries temporelles annuelles","858","Uruguay","511","Population totale","3010","Population-Estimations","2010","2010","1000 personnes","3352.651","X","Ciffre de sources internationales",""
"OA","Séries temporelles annuelles","858","Uruguay","511","Population totale","3010","Population-Estimations","2020","2020","1000 personnes","3429.086","X","Ciffre de sources internationales",""
"OA","Séries temporelles annuelles","548","Vanuatu","511","Population totale","3010","Population-Estimations","2010","2010","1000 personnes","245.453","X","Ciffre de sources internationales",""
"OA","Séries temporelles annuelles","548","Vanuatu","511","Population totale","3010","Population-Estimations","2020","2020","1000 personnes","311.685","X","Ciffre de sources internationales",""
"OA","Séries temporelles annuelles","862","Venezuela (République bolivarienne du)","511","Population totale","3010","Population-Estimations","2010","2010","1000 personnes","28715.022","X","Ciffre de sources internationales",""
"OA","Séries temporelles annuelles","862","Venezuela (République bolivarienne du)","511","Population totale","3010","Population-Estimations","2020","2020","1000 personnes","28490.453","X","Ciffre de sources internationales",""
"OA","Séries temporelles annuelles","704","Viet Nam","511","Population totale","3010","Population-Estimations","2010","2010","1000 personnes","87411.012","X","Ciffre de sources internationales",""
"OA","Séries temporelles annuelles","704","Viet Nam","511","Population totale","3010","Population-Estimations","2020","2020","1000 personnes","96648.685","X","Ciffre de sources internationales",""
"OA","Séries temporelles annuelles","887","Yémen","511","Population totale","3010","Population-Estimations","2010","2010","1000 personnes","24743.946","X","Ciffre de sources internationales",""
"OA","Séries temporelles annuelles","887","Yémen","511","Population totale","3010","Population-Estimations","2020","2020","1000 personnes","32284.046","X","Ciffre de sources internationales",""
"OA","Séries temporelles annuelles","894","Zambie","511","Population totale","3010","Population-Estimations","2010","2010","1000 personnes","13792.086","X","Ciffre de sources internationales",""
"OA","Séries temporelles annuelles","894","Zambie","511","Population totale","3010","Population-Estimations","2020","2020","1000 personnes","18927.715","X","Ciffre de sources internationales",""
"OA","Séries temporelles annuelles","716","Zimbabwe","511","Population totale","3010","Population-Estimations","2010","2010","1000 personnes","12839.771","X","Ciffre de sources internationales",""
"OA","Séries temporelles annuelles","716","Zimbabwe","511","Population totale","3010","Population-Estimations","2020","2020","1000 personnes","15669.666","X","Ciffre de sources internationales",""
