,Pays,Annee,Produit,Quantite (tonne)
0,Afghanistan,2013,Autres non-céréales,682
1,Afghanistan,2014,Autres non-céréales,335
2,Afghanistan,2013,Blé et Farin,39224
3,Afghanistan,2014,Blé et Farin,15160
4,Afghanistan,2013,Céréales,40504
5,Afghanistan,2014,Céréales,15989
6,Afghanistan,2013,"Fruits secs, total",85
7,Afghanistan,2013,Huiles végétales,11087
8,Afghanistan,2014,Huiles végétales,8185
9,Afghanistan,2013,"Légumineuses Sèches,Tot.",11761
10,Afghanistan,2014,"Légumineuses Sèches,Tot.",4010
11,Afghanistan,2013,Non-céréales,23615
12,Afghanistan,2014,Non-céréales,12618
13,Afghanistan,2013,"Riz, total",1280
14,Afghanistan,2014,"Riz, total",829
15,Afghanistan,2014,"Sucre, total",88
16,Algérie,2013,Autres non-céréales,252
17,Algérie,2014,Autres non-céréales,205
18,Algérie,2015,Autres non-céréales,4
19,Algérie,2013,Céréales,10030
20,Algérie,2014,Céréales,4933
21,Algérie,2015,Céréales,3512
22,Algérie,2016,Céréales,3766
23,Algérie,2013,Céréales Secondaires,2862
24,Algérie,2014,Céréales Secondaires,2280
25,Algérie,2015,Céréales Secondaires,1311
26,Algérie,2016,Céréales Secondaires,1178
27,Algérie,2013,"Fruits secs, total",204
28,Algérie,2015,"Fruits secs, total",252
29,Algérie,2016,"Fruits secs, total",252
30,Algérie,2013,Huiles végétales,1030
31,Algérie,2014,Huiles végétales,1050
32,Algérie,2013,"Lait, total",350
33,Algérie,2014,"Lait, total",582
34,Algérie,2015,"Lait, total",500
35,Algérie,2013,"Légumineuses Sèches,Tot.",4111
36,Algérie,2014,"Légumineuses Sèches,Tot.",2240
37,Algérie,2015,"Légumineuses Sèches,Tot.",3026
38,Algérie,2016,"Légumineuses Sèches,Tot.",360
39,Algérie,2013,Mélanges et préparations,3112
40,Algérie,2014,Mélanges et préparations,1731
41,Algérie,2015,Mélanges et préparations,559
42,Algérie,2016,Mélanges et préparations,855
43,Algérie,2013,Non-céréales,7587
44,Algérie,2014,Non-céréales,4557
45,Algérie,2015,Non-céréales,5200
46,Algérie,2016,Non-céréales,972
47,Algérie,2013,"Riz, total",4056
48,Algérie,2014,"Riz, total",922
49,Algérie,2015,"Riz, total",1642
50,Algérie,2016,"Riz, total",1733
51,Algérie,2013,"Sucre, total",1640
52,Algérie,2014,"Sucre, total",480
53,Algérie,2015,"Sucre, total",1418
54,Algérie,2016,"Sucre, total",360
55,Angola,2014,Autres non-céréales,7
56,Angola,2013,Céréales,2500
57,Angola,2013,Mélanges et préparations,2500
58,Angola,2014,Non-céréales,7
59,Bangladesh,2013,Blé et Farin,56709
60,Bangladesh,2014,Blé et Farin,91350
61,Bangladesh,2015,Blé et Farin,9740
62,Bangladesh,2013,Céréales,59954
63,Bangladesh,2014,Céréales,94706
64,Bangladesh,2015,Céréales,10609
65,Bangladesh,2013,"Fruits secs, total",515
66,Bangladesh,2015,"Fruits secs, total",486
67,Bangladesh,2013,Huiles végétales,2335
68,Bangladesh,2014,Huiles végétales,1371
69,Bangladesh,2015,Huiles végétales,111
70,Bangladesh,2013,"Légumineuses Sèches,Tot.",2044
71,Bangladesh,2014,"Légumineuses Sèches,Tot.",1194
72,Bangladesh,2015,"Légumineuses Sèches,Tot.",65
73,Bangladesh,2013,Mélanges et préparations,2004
74,Bangladesh,2014,Mélanges et préparations,1528
75,Bangladesh,2015,Mélanges et préparations,869
76,Bangladesh,2013,Non-céréales,5555
77,Bangladesh,2014,Non-céréales,2608
78,Bangladesh,2015,Non-céréales,662
79,Bangladesh,2013,Poiss&produi,580
80,Bangladesh,2013,"Riz, total",1241
81,Bangladesh,2014,"Riz, total",1828
82,Bangladesh,2013,"Sucre, total",81
83,Bangladesh,2014,"Sucre, total",43
84,Bénin,2013,Autres non-céréales,45
85,Bénin,2014,Autres non-céréales,50
86,Bénin,2013,Céréales,8490
87,Bénin,2015,Céréales,1439
88,Bénin,2016,"Fruits secs, total",72
89,Bénin,2015,Huiles végétales,260
90,Bénin,2013,"Légumineuses Sèches,Tot.",276
91,Bénin,2014,"Légumineuses Sèches,Tot.",286
92,Bénin,2015,"Légumineuses Sèches,Tot.",194
93,Bénin,2015,Mélanges et préparations,679
94,Bénin,2013,Non-céréales,321
95,Bénin,2014,Non-céréales,336
96,Bénin,2015,Non-céréales,454
97,Bénin,2016,Non-céréales,72
98,Bénin,2013,"Riz, total",8490
99,Bénin,2015,"Riz, total",760
100,Bhoutan,2013,Céréales,537
101,Bhoutan,2013,Huiles végétales,127
102,Bhoutan,2014,Huiles végétales,73
103,Bhoutan,2015,Huiles végétales,91
104,Bhoutan,2016,Huiles végétales,109
105,Bhoutan,2013,"Légumineuses Sèches,Tot.",198
106,Bhoutan,2015,"Légumineuses Sèches,Tot.",198
107,Bhoutan,2013,Non-céréales,325
108,Bhoutan,2014,Non-céréales,73
109,Bhoutan,2015,Non-céréales,289
110,Bhoutan,2016,Non-céréales,109
111,Bhoutan,2013,"Riz, total",537
112,Bolivie (État plurinational de),2014,Autres non-céréales,3
113,Bolivie (État plurinational de),2014,Non-céréales,3
114,Burkina Faso,2013,Autres non-céréales,507
115,Burkina Faso,2014,Autres non-céréales,283
116,Burkina Faso,2015,Autres non-céréales,27
117,Burkina Faso,2013,Blé et Farin,10
118,Burkina Faso,2014,Blé et Farin,7
119,Burkina Faso,2013,Céréales,6381
120,Burkina Faso,2014,Céréales,9605
121,Burkina Faso,2015,Céréales,9066
122,Burkina Faso,2013,Céréales Secondaires,827
123,Burkina Faso,2014,Céréales Secondaires,1032
124,Burkina Faso,2015,Céréales Secondaires,158
125,Burkina Faso,2015,"Fruits secs, total",126
126,Burkina Faso,2016,"Fruits secs, total",36
127,Burkina Faso,2013,Huiles végétales,758
128,Burkina Faso,2014,Huiles végétales,692
129,Burkina Faso,2015,Huiles végétales,590
130,Burkina Faso,2013,"Légumineuses Sèches,Tot.",1664
131,Burkina Faso,2014,"Légumineuses Sèches,Tot.",889
132,Burkina Faso,2015,"Légumineuses Sèches,Tot.",1782
133,Burkina Faso,2013,Mélanges et préparations,4876
134,Burkina Faso,2014,Mélanges et préparations,1793
135,Burkina Faso,2015,Mélanges et préparations,3538
136,Burkina Faso,2013,Non-céréales,2929
137,Burkina Faso,2014,Non-céréales,1864
138,Burkina Faso,2015,Non-céréales,2525
139,Burkina Faso,2016,Non-céréales,36
140,Burkina Faso,2013,"Riz, total",668
141,Burkina Faso,2014,"Riz, total",6773
142,Burkina Faso,2015,"Riz, total",5370
143,Burundi,2014,Autres non-céréales,185
144,Burundi,2015,Autres non-céréales,110
145,Burundi,2013,Blé et Farin,13667
146,Burundi,2013,Céréales,24992
147,Burundi,2014,Céréales,4271
148,Burundi,2015,Céréales,5648
149,Burundi,2013,Céréales Secondaires,3092
150,Burundi,2014,Céréales Secondaires,3152
151,Burundi,2015,Céréales Secondaires,745
152,Burundi,2013,Huiles végétales,770
153,Burundi,2014,Huiles végétales,350
154,Burundi,2015,Huiles végétales,390
155,Burundi,2013,"Légumineuses Sèches,Tot.",809
156,Burundi,2014,"Légumineuses Sèches,Tot.",699
157,Burundi,2015,"Légumineuses Sèches,Tot.",270
158,Burundi,2013,Mélanges et préparations,3098
159,Burundi,2014,Mélanges et préparations,1119
160,Burundi,2015,Mélanges et préparations,4903
161,Burundi,2013,Non-céréales,1694
162,Burundi,2014,Non-céréales,1234
163,Burundi,2015,Non-céréales,820
164,Burundi,2013,"Riz, total",5135
165,Burundi,2013,"Sucre, total",115
166,Burundi,2015,"Sucre, total",50
167,Cambodge,2013,Autres non-céréales,50
168,Cambodge,2014,Autres non-céréales,75
169,Cambodge,2015,Autres non-céréales,22
170,Cambodge,2013,Céréales,4306
171,Cambodge,2014,Céréales,4644
172,Cambodge,2015,Céréales,279
173,Cambodge,2013,Huiles végétales,336
174,Cambodge,2014,Huiles végétales,449
175,Cambodge,2015,Huiles végétales,204
176,Cambodge,2013,"Légumineuses Sèches,Tot.",569
177,Cambodge,2014,"Légumineuses Sèches,Tot.",382
178,Cambodge,2015,"Légumineuses Sèches,Tot.",522
179,Cambodge,2013,Mélanges et préparations,1695
180,Cambodge,2014,Mélanges et préparations,710
181,Cambodge,2013,Non-céréales,1181
182,Cambodge,2014,Non-céréales,1392
183,Cambodge,2015,Non-céréales,1088
184,Cambodge,2013,Poiss&produi,226
185,Cambodge,2014,Poiss&produi,486
186,Cambodge,2015,Poiss&produi,340
187,Cambodge,2013,"Riz, total",2611
188,Cambodge,2014,"Riz, total",3934
189,Cambodge,2015,"Riz, total",279
190,Cameroun,2013,Autres non-céréales,472
191,Cameroun,2014,Autres non-céréales,643
192,Cameroun,2015,Autres non-céréales,811
193,Cameroun,2013,Céréales,1700
194,Cameroun,2014,Céréales,5302
195,Cameroun,2015,Céréales,12475
196,Cameroun,2013,Céréales Secondaires,968
197,Cameroun,2014,Céréales Secondaires,2038
198,Cameroun,2015,"Fruits secs, total",134
199,Cameroun,2013,Huiles végétales,164
200,Cameroun,2014,Huiles végétales,175
201,Cameroun,2015,Huiles végétales,569
202,Cameroun,2016,Huiles végétales,289
203,Cameroun,2013,"Légumineuses Sèches,Tot.",117
204,Cameroun,2014,"Légumineuses Sèches,Tot.",697
205,Cameroun,2015,"Légumineuses Sèches,Tot.",1982
206,Cameroun,2013,Mélanges et préparations,452
207,Cameroun,2014,Mélanges et préparations,708
208,Cameroun,2015,Mélanges et préparations,239
209,Cameroun,2013,Non-céréales,753
210,Cameroun,2014,Non-céréales,1540
211,Cameroun,2015,Non-céréales,3680
212,Cameroun,2016,Non-céréales,289
213,Cameroun,2013,"Riz, total",280
214,Cameroun,2014,"Riz, total",2556
215,Cameroun,2015,"Riz, total",12236
216,Cameroun,2014,"Sucre, total",25
217,Cameroun,2015,"Sucre, total",184
218,"Chine, continentale",2014,Céréales,649
219,"Chine, continentale",2014,Huiles végétales,0
220,"Chine, continentale",2014,Non-céréales,0
221,"Chine, continentale",2014,"Riz, total",649
222,Colombie,2013,Céréales,2190
223,Colombie,2014,Céréales,3335
224,Colombie,2015,Céréales,1672
225,Colombie,2016,Céréales,1963
226,Colombie,2013,Huiles végétales,1020
227,Colombie,2014,Huiles végétales,858
228,Colombie,2015,Huiles végétales,800
229,Colombie,2013,"Légumineuses Sèches,Tot.",2373
230,Colombie,2015,"Légumineuses Sèches,Tot.",849
231,Colombie,2016,"Légumineuses Sèches,Tot.",770
232,Colombie,2013,Non-céréales,3531
233,Colombie,2014,Non-céréales,1263
234,Colombie,2015,Non-céréales,1649
235,Colombie,2016,Non-céréales,770
236,Colombie,2013,"Riz, total",2190
237,Colombie,2014,"Riz, total",3335
238,Colombie,2015,"Riz, total",1672
239,Colombie,2016,"Riz, total",1963
240,Colombie,2013,"Sucre, total",138
241,Colombie,2014,"Sucre, total",405
242,Comores,2013,Céréales,3903
243,Comores,2013,"Riz, total",3903
244,Congo,2013,Autres non-céréales,136
245,Congo,2014,Autres non-céréales,140
246,Congo,2015,Autres non-céréales,26
247,Congo,2013,Céréales,2755
248,Congo,2014,Céréales,2260
249,Congo,2015,Céréales,2567
250,Congo,2013,Céréales Secondaires,1311
251,Congo,2014,Céréales Secondaires,172
252,Congo,2013,Huiles végétales,18
253,Congo,2014,Huiles végétales,508
254,Congo,2015,Huiles végétales,91
255,Congo,2013,"Légumineuses Sèches,Tot.",767
256,Congo,2014,"Légumineuses Sèches,Tot.",1366
257,Congo,2015,"Légumineuses Sèches,Tot.",170
258,Congo,2014,Mélanges et préparations,198
259,Congo,2013,Non-céréales,1262
260,Congo,2014,Non-céréales,2198
261,Congo,2015,Non-céréales,433
262,Congo,2013,Poiss&produi,341
263,Congo,2014,Poiss&produi,184
264,Congo,2015,Poiss&produi,146
265,Congo,2013,"Riz, total",1444
266,Congo,2014,"Riz, total",1890
267,Congo,2015,"Riz, total",2567
268,Côte d'Ivoire,2013,Autres non-céréales,67
269,Côte d'Ivoire,2014,Autres non-céréales,104
270,Côte d'Ivoire,2015,Autres non-céréales,108
271,Côte d'Ivoire,2013,Céréales,7416
272,Côte d'Ivoire,2014,Céréales,4521
273,Côte d'Ivoire,2015,Céréales,5297
274,Côte d'Ivoire,2016,Céréales,4323
275,Côte d'Ivoire,2015,"Fruits secs, total",900
276,Côte d'Ivoire,2013,Huiles végétales,2084
277,Côte d'Ivoire,2015,Huiles végétales,19
278,Côte d'Ivoire,2016,Huiles végétales,70
279,Côte d'Ivoire,2013,"Légumineuses Sèches,Tot.",1724
280,Côte d'Ivoire,2014,"Légumineuses Sèches,Tot.",336
281,Côte d'Ivoire,2013,Mélanges et préparations,525
282,Côte d'Ivoire,2014,Mélanges et préparations,647
283,Côte d'Ivoire,2015,Mélanges et préparations,197
284,Côte d'Ivoire,2013,Non-céréales,3875
285,Côte d'Ivoire,2014,Non-céréales,440
286,Côte d'Ivoire,2015,Non-céréales,1027
287,Côte d'Ivoire,2016,Non-céréales,70
288,Côte d'Ivoire,2013,"Riz, total",6891
289,Côte d'Ivoire,2014,"Riz, total",3874
290,Côte d'Ivoire,2015,"Riz, total",5100
291,Côte d'Ivoire,2016,"Riz, total",4323
292,Cuba,2014,Autres non-céréales,7
293,Cuba,2015,Autres non-céréales,8
294,Cuba,2013,Céréales,450
295,Cuba,2015,Céréales,2698
296,Cuba,2013,Huiles végétales,112
297,Cuba,2015,"Lait, total",150
298,Cuba,2013,"Légumineuses Sèches,Tot.",235
299,Cuba,2015,"Légumineuses Sèches,Tot.",1277
300,Cuba,2015,Mélanges et préparations,305
301,Cuba,2013,Non-céréales,347
302,Cuba,2014,Non-céréales,7
303,Cuba,2015,Non-céréales,1435
304,Cuba,2013,"Riz, total",450
305,Cuba,2015,"Riz, total",2393
306,Djibouti,2013,Autres non-céréales,41
307,Djibouti,2014,Autres non-céréales,50
308,Djibouti,2013,Blé et Farin,5930
309,Djibouti,2014,Blé et Farin,4217
310,Djibouti,2015,Blé et Farin,384
311,Djibouti,2013,Céréales,9076
312,Djibouti,2014,Céréales,7542
313,Djibouti,2015,Céréales,1558
314,Djibouti,2013,Céréales Secondaires,1300
315,Djibouti,2014,Céréales Secondaires,2030
316,Djibouti,2015,Céréales Secondaires,800
317,Djibouti,2013,"Fruits secs, total",68
318,Djibouti,2015,"Fruits secs, total",126
319,Djibouti,2014,Huiles végétales,386
320,Djibouti,2013,"Légumineuses Sèches,Tot.",838
321,Djibouti,2014,"Légumineuses Sèches,Tot.",518
322,Djibouti,2015,"Légumineuses Sèches,Tot.",190
323,Djibouti,2013,Mélanges et préparations,1021
324,Djibouti,2014,Mélanges et préparations,970
325,Djibouti,2015,Mélanges et préparations,274
326,Djibouti,2013,Non-céréales,1108
327,Djibouti,2014,Non-céréales,1002
328,Djibouti,2015,Non-céréales,362
329,Djibouti,2013,"Riz, total",825
330,Djibouti,2014,"Riz, total",325
331,Djibouti,2015,"Riz, total",100
332,Djibouti,2013,"Sucre, total",161
333,Djibouti,2014,"Sucre, total",48
334,Djibouti,2015,"Sucre, total",46
335,Égypte,2013,"Fruits secs, total",561
336,Égypte,2013,Non-céréales,561
337,El Salvador,2013,Céréales,1005
338,El Salvador,2014,Céréales,38
339,El Salvador,2015,Céréales,497
340,El Salvador,2016,Céréales,596
341,El Salvador,2014,Huiles végétales,172
342,El Salvador,2015,Huiles végétales,198
343,El Salvador,2014,Mélanges et préparations,38
344,El Salvador,2015,Mélanges et préparations,497
345,El Salvador,2014,Non-céréales,172
346,El Salvador,2015,Non-céréales,198
347,El Salvador,2013,"Riz, total",1005
348,El Salvador,2016,"Riz, total",596
349,Équateur,2013,Céréales,345
350,Équateur,2013,Huiles végétales,103
351,Équateur,2013,"Légumineuses Sèches,Tot.",233
352,Équateur,2013,Non-céréales,336
353,Équateur,2013,"Riz, total",345
354,Éthiopie,2013,Autres non-céréales,170
355,Éthiopie,2014,Autres non-céréales,466
356,Éthiopie,2015,Autres non-céréales,244
357,Éthiopie,2013,Blé et Farin,181066
358,Éthiopie,2014,Blé et Farin,178646
359,Éthiopie,2015,Blé et Farin,74090
360,Éthiopie,2013,BulgurFarEnt,2939
361,Éthiopie,2014,BulgurFarEnt,2490
362,Éthiopie,2013,Céréales,256196
363,Éthiopie,2014,Céréales,265013
364,Éthiopie,2015,Céréales,86482
365,Éthiopie,2013,Céréales Secondaires,45040
366,Éthiopie,2014,Céréales Secondaires,70890
367,Éthiopie,2015,Céréales Secondaires,7880
368,Éthiopie,2013,"Fruits secs, total",459
369,Éthiopie,2015,"Fruits secs, total",162
370,Éthiopie,2013,Huiles végétales,9604
371,Éthiopie,2014,Huiles végétales,7088
372,Éthiopie,2015,Huiles végétales,1826
373,Éthiopie,2013,"Légumineuses Sèches,Tot.",27916
374,Éthiopie,2014,"Légumineuses Sèches,Tot.",20232
375,Éthiopie,2015,"Légumineuses Sèches,Tot.",10519
376,Éthiopie,2013,Mélanges et préparations,21470
377,Éthiopie,2014,Mélanges et préparations,12752
378,Éthiopie,2015,Mélanges et préparations,4512
379,Éthiopie,2013,Non-céréales,39506
380,Éthiopie,2014,Non-céréales,28299
381,Éthiopie,2015,Non-céréales,15151
382,Éthiopie,2013,"Riz, total",5681
383,Éthiopie,2014,"Riz, total",235
384,Éthiopie,2013,"Sucre, total",1357
385,Éthiopie,2014,"Sucre, total",513
386,Éthiopie,2015,"Sucre, total",2400
387,Gambie,2013,Céréales,3941
388,Gambie,2014,Céréales,665
389,Gambie,2015,Céréales,120
390,Gambie,2013,Huiles végétales,347
391,Gambie,2014,Huiles végétales,36
392,Gambie,2015,Huiles végétales,97
393,Gambie,2013,"Légumineuses Sèches,Tot.",766
394,Gambie,2014,"Légumineuses Sèches,Tot.",115
395,Gambie,2015,"Légumineuses Sèches,Tot.",308
396,Gambie,2016,"Légumineuses Sèches,Tot.",168
397,Gambie,2013,Mélanges et préparations,1941
398,Gambie,2014,Mélanges et préparations,240
399,Gambie,2015,Mélanges et préparations,120
400,Gambie,2013,Non-céréales,1113
401,Gambie,2014,Non-céréales,151
402,Gambie,2015,Non-céréales,405
403,Gambie,2016,Non-céréales,168
404,Gambie,2013,"Riz, total",2000
405,Gambie,2014,"Riz, total",425
406,Géorgie,2013,Autres non-céréales,3
407,Géorgie,2014,Autres non-céréales,4
408,Géorgie,2013,Blé et Farin,2
409,Géorgie,2013,Céréales,4
410,Géorgie,2014,Céréales,2
411,Géorgie,2013,Huiles végétales,6
412,Géorgie,2014,Huiles végétales,7
413,Géorgie,2014,"Légumineuses Sèches,Tot.",2
414,Géorgie,2013,Non-céréales,13
415,Géorgie,2014,Non-céréales,16
416,Géorgie,2013,"Riz, total",2
417,Géorgie,2014,"Riz, total",2
418,Géorgie,2013,"Sucre, total",3
419,Géorgie,2014,"Sucre, total",3
420,Géorgie,2013,Viande Total,1
421,Ghana,2014,Autres non-céréales,2
422,Ghana,2013,Céréales,1727
423,Ghana,2014,Céréales,3621
424,Ghana,2015,Céréales,1252
425,Ghana,2013,Huiles végétales,429
426,Ghana,2014,Huiles végétales,435
427,Ghana,2013,"Légumineuses Sèches,Tot.",322
428,Ghana,2013,Mélanges et préparations,602
429,Ghana,2014,Mélanges et préparations,3071
430,Ghana,2015,Mélanges et préparations,1002
431,Ghana,2013,Non-céréales,751
432,Ghana,2014,Non-céréales,462
433,Ghana,2015,Non-céréales,25
434,Ghana,2013,"Riz, total",1125
435,Ghana,2014,"Riz, total",550
436,Ghana,2015,"Riz, total",250
437,Ghana,2014,"Sucre, total",25
438,Ghana,2015,"Sucre, total",25
439,Guatemala,2014,Blé et Farin,210
440,Guatemala,2015,Blé et Farin,270
441,Guatemala,2013,Céréales,10736
442,Guatemala,2014,Céréales,5248
443,Guatemala,2015,Céréales,4792
444,Guatemala,2016,Céréales,355
445,Guatemala,2014,Céréales Secondaires,699
446,Guatemala,2015,Céréales Secondaires,350
447,Guatemala,2013,Huiles végétales,1189
448,Guatemala,2014,Huiles végétales,1286
449,Guatemala,2015,Huiles végétales,1010
450,Guatemala,2013,"Légumineuses Sèches,Tot.",14388
451,Guatemala,2014,"Légumineuses Sèches,Tot.",5390
452,Guatemala,2015,"Légumineuses Sèches,Tot.",4721
453,Guatemala,2016,"Légumineuses Sèches,Tot.",348
454,Guatemala,2013,Mélanges et préparations,2369
455,Guatemala,2014,Mélanges et préparations,1720
456,Guatemala,2015,Mélanges et préparations,1303
457,Guatemala,2016,Mélanges et préparations,355
458,Guatemala,2013,Non-céréales,15577
459,Guatemala,2014,Non-céréales,6676
460,Guatemala,2015,Non-céréales,5731
461,Guatemala,2016,Non-céréales,348
462,Guatemala,2013,"Riz, total",8367
463,Guatemala,2014,"Riz, total",2619
464,Guatemala,2015,"Riz, total",2869
465,Guinée,2013,Autres non-céréales,57
466,Guinée,2014,Autres non-céréales,69
467,Guinée,2015,Autres non-céréales,297
468,Guinée,2014,BulgurFarEnt,78
469,Guinée,2013,Céréales,2281
470,Guinée,2014,Céréales,6150
471,Guinée,2015,Céréales,4786
472,Guinée,2015,"Fruits secs, total",54
473,Guinée,2013,Huiles végétales,515
474,Guinée,2014,Huiles végétales,779
475,Guinée,2015,Huiles végétales,3049
476,Guinée,2013,"Légumineuses Sèches,Tot.",511
477,Guinée,2014,"Légumineuses Sèches,Tot.",1849
478,Guinée,2015,"Légumineuses Sèches,Tot.",2456
479,Guinée,2013,Mélanges et préparations,306
480,Guinée,2014,Mélanges et préparations,1587
481,Guinée,2015,Mélanges et préparations,956
482,Guinée,2013,Non-céréales,1083
483,Guinée,2014,Non-céréales,2697
484,Guinée,2015,Non-céréales,5879
485,Guinée,2013,"Riz, total",1975
486,Guinée,2014,"Riz, total",4485
487,Guinée,2015,"Riz, total",3830
488,Guinée,2015,"Sucre, total",23
489,Guinée-Bissau,2013,Autres non-céréales,731
490,Guinée-Bissau,2014,Autres non-céréales,118
491,Guinée-Bissau,2013,Céréales,4337
492,Guinée-Bissau,2014,Céréales,2496
493,Guinée-Bissau,2015,Céréales,692
494,Guinée-Bissau,2013,Huiles végétales,1027
495,Guinée-Bissau,2014,Huiles végétales,146
496,Guinée-Bissau,2015,Huiles végétales,415
497,Guinée-Bissau,2013,"Légumineuses Sèches,Tot.",1559
498,Guinée-Bissau,2014,"Légumineuses Sèches,Tot.",459
499,Guinée-Bissau,2015,"Légumineuses Sèches,Tot.",275
500,Guinée-Bissau,2013,Mélanges et préparations,812
501,Guinée-Bissau,2014,Mélanges et préparations,1946
502,Guinée-Bissau,2015,Mélanges et préparations,517
503,Guinée-Bissau,2013,Non-céréales,3409
504,Guinée-Bissau,2014,Non-céréales,1213
505,Guinée-Bissau,2015,Non-céréales,690
506,Guinée-Bissau,2014,Poiss&produi,490
507,Guinée-Bissau,2013,"Riz, total",3525
508,Guinée-Bissau,2014,"Riz, total",550
509,Guinée-Bissau,2015,"Riz, total",175
510,Guinée-Bissau,2013,"Sucre, total",92
511,Haïti,2013,Autres non-céréales,396
512,Haïti,2014,Autres non-céréales,254
513,Haïti,2015,Autres non-céréales,175
514,Haïti,2016,Autres non-céréales,105
515,Haïti,2013,BulgurFarEnt,3908
516,Haïti,2014,BulgurFarEnt,780
517,Haïti,2015,BulgurFarEnt,771
518,Haïti,2016,BulgurFarEnt,3544
519,Haïti,2013,Céréales,23158
520,Haïti,2014,Céréales,12440
521,Haïti,2015,Céréales,3421
522,Haïti,2016,Céréales,4005
523,Haïti,2013,Huiles végétales,2218
524,Haïti,2014,Huiles végétales,1315
525,Haïti,2015,Huiles végétales,231
526,Haïti,2016,Huiles végétales,516
527,Haïti,2013,"Lait, total",17
528,Haïti,2013,"Légumineuses Sèches,Tot.",4613
529,Haïti,2014,"Légumineuses Sèches,Tot.",2545
530,Haïti,2015,"Légumineuses Sèches,Tot.",1006
531,Haïti,2016,"Légumineuses Sèches,Tot.",1605
532,Haïti,2013,Mélanges et préparations,8080
533,Haïti,2014,Mélanges et préparations,1010
534,Haïti,2016,Mélanges et préparations,461
535,Haïti,2013,Non-céréales,7449
536,Haïti,2014,Non-céréales,4114
537,Haïti,2015,Non-céréales,1412
538,Haïti,2016,Non-céréales,2226
539,Haïti,2013,"Riz, total",11170
540,Haïti,2014,"Riz, total",10650
541,Haïti,2015,"Riz, total",2650
542,Haïti,2013,"Sucre, total",205
543,Honduras,2013,Céréales,10770
544,Honduras,2014,Céréales,3238
545,Honduras,2015,Céréales,4072
546,Honduras,2016,Céréales,753
547,Honduras,2016,"Fruits secs, total",331
548,Honduras,2013,Huiles végétales,2798
549,Honduras,2014,Huiles végétales,1540
550,Honduras,2015,Huiles végétales,1880
551,Honduras,2016,Huiles végétales,558
552,Honduras,2014,"Légumineuses Sèches,Tot.",521
553,Honduras,2015,"Légumineuses Sèches,Tot.",301
554,Honduras,2016,"Légumineuses Sèches,Tot.",604
555,Honduras,2013,Mélanges et préparations,2895
556,Honduras,2014,Mélanges et préparations,2269
557,Honduras,2015,Mélanges et préparations,2772
558,Honduras,2016,Mélanges et préparations,443
559,Honduras,2013,Non-céréales,2798
560,Honduras,2014,Non-céréales,2061
561,Honduras,2015,Non-céréales,2181
562,Honduras,2016,Non-céréales,1493
563,Honduras,2013,"Riz, total",7875
564,Honduras,2014,"Riz, total",969
565,Honduras,2015,"Riz, total",1300
566,Honduras,2016,"Riz, total",310
567,Iran (République islamique d'),2013,Céréales,500
568,Iran (République islamique d'),2014,Céréales,325
569,Iran (République islamique d'),2015,Céréales,200
570,Iran (République islamique d'),2013,Huiles végétales,196
571,Iran (République islamique d'),2014,Huiles végétales,312
572,Iran (République islamique d'),2013,"Légumineuses Sèches,Tot.",327
573,Iran (République islamique d'),2014,"Légumineuses Sèches,Tot.",75
574,Iran (République islamique d'),2016,"Légumineuses Sèches,Tot.",241
575,Iran (République islamique d'),2013,Non-céréales,569
576,Iran (République islamique d'),2014,Non-céréales,412
577,Iran (République islamique d'),2015,Non-céréales,46
578,Iran (République islamique d'),2016,Non-céréales,291
579,Iran (République islamique d'),2013,"Riz, total",500
580,Iran (République islamique d'),2014,"Riz, total",325
581,Iran (République islamique d'),2015,"Riz, total",200
582,Iran (République islamique d'),2013,"Sucre, total",46
583,Iran (République islamique d'),2014,"Sucre, total",25
584,Iran (République islamique d'),2015,"Sucre, total",46
585,Iran (République islamique d'),2016,"Sucre, total",50
586,Iraq,2013,Autres non-céréales,169
587,Iraq,2015,Autres non-céréales,1001
588,Iraq,2013,Céréales,139
589,Iraq,2014,Céréales,465
590,Iraq,2013,Huiles végétales,8
591,Iraq,2013,"Légumineuses Sèches,Tot.",13
592,Iraq,2013,Non-céréales,194
593,Iraq,2015,Non-céréales,1001
594,Iraq,2013,"Riz, total",139
595,Iraq,2014,"Riz, total",465
596,Iraq,2013,"Sucre, total",4
597,Jordanie,2013,Autres non-céréales,5
598,Jordanie,2015,Autres non-céréales,1
599,Jordanie,2013,Blé et Farin,35
600,Jordanie,2015,Blé et Farin,1370
601,Jordanie,2013,BulgurFarEnt,594
602,Jordanie,2014,BulgurFarEnt,141
603,Jordanie,2013,Céréales,2209
604,Jordanie,2014,Céréales,3541
605,Jordanie,2015,Céréales,1370
606,Jordanie,2013,Huiles végétales,1039
607,Jordanie,2014,Huiles végétales,454
608,Jordanie,2013,"Lait, total",91
609,Jordanie,2013,"Légumineuses Sèches,Tot.",876
610,Jordanie,2014,"Légumineuses Sèches,Tot.",386
611,Jordanie,2013,Mélanges et préparations,321
612,Jordanie,2013,Non-céréales,2527
613,Jordanie,2014,Non-céréales,840
614,Jordanie,2015,Non-céréales,1651
615,Jordanie,2013,Poiss&produi,3
616,Jordanie,2013,"Riz, total",1259
617,Jordanie,2014,"Riz, total",3400
618,Jordanie,2013,"Sucre, total",513
619,Jordanie,2015,"Sucre, total",1650
620,Kenya,2014,Autres non-céréales,22
621,Kenya,2015,Autres non-céréales,140
622,Kenya,2013,Blé et Farin,34520
623,Kenya,2014,Blé et Farin,37940
624,Kenya,2015,Blé et Farin,25809
625,Kenya,2014,BulgurFarEnt,11507
626,Kenya,2013,Céréales,92906
627,Kenya,2014,Céréales,92993
628,Kenya,2015,Céréales,45899
629,Kenya,2013,Céréales Secondaires,52400
630,Kenya,2014,Céréales Secondaires,43546
631,Kenya,2015,Céréales Secondaires,20090
632,Kenya,2013,"Fruits secs, total",306
633,Kenya,2015,"Fruits secs, total",324
634,Kenya,2013,Huiles végétales,1900
635,Kenya,2014,Huiles végétales,4768
636,Kenya,2015,Huiles végétales,50
637,Kenya,2014,"Lait, total",125
638,Kenya,2013,"Légumineuses Sèches,Tot.",15325
639,Kenya,2014,"Légumineuses Sèches,Tot.",10801
640,Kenya,2015,"Légumineuses Sèches,Tot.",10813
641,Kenya,2013,Mélanges et préparations,1348
642,Kenya,2013,Non-céréales,17577
643,Kenya,2014,Non-céréales,15716
644,Kenya,2015,Non-céréales,11327
645,Kenya,2013,"Riz, total",4638
646,Kenya,2013,"Sucre, total",46
647,Kirghizistan,2013,Blé et Farin,360
648,Kirghizistan,2014,Blé et Farin,380
649,Kirghizistan,2015,Blé et Farin,180
650,Kirghizistan,2013,Céréales,540
651,Kirghizistan,2014,Céréales,570
652,Kirghizistan,2015,Céréales,270
653,Kirghizistan,2013,Huiles végétales,399
654,Kirghizistan,2014,Huiles végétales,50
655,Kirghizistan,2015,Huiles végétales,40
656,Kirghizistan,2013,"Légumineuses Sèches,Tot.",80
657,Kirghizistan,2014,"Légumineuses Sèches,Tot.",80
658,Kirghizistan,2015,"Légumineuses Sèches,Tot.",40
659,Kirghizistan,2013,Non-céréales,479
660,Kirghizistan,2014,Non-céréales,130
661,Kirghizistan,2015,Non-céréales,80
662,Kirghizistan,2013,"Riz, total",180
663,Kirghizistan,2014,"Riz, total",190
664,Kirghizistan,2015,"Riz, total",90
665,Lesotho,2014,Blé et Farin,470
666,Lesotho,2013,Céréales,1175
667,Lesotho,2014,Céréales,1539
668,Lesotho,2013,Huiles végétales,91
669,Lesotho,2014,Huiles végétales,208
670,Lesotho,2015,Huiles végétales,111
671,Lesotho,2013,"Légumineuses Sèches,Tot.",81
672,Lesotho,2014,"Légumineuses Sèches,Tot.",373
673,Lesotho,2015,"Légumineuses Sèches,Tot.",720
674,Lesotho,2013,Mélanges et préparations,1175
675,Lesotho,2014,Mélanges et préparations,1069
676,Lesotho,2013,Non-céréales,308
677,Lesotho,2014,Non-céréales,765
678,Lesotho,2015,Non-céréales,1525
679,Lesotho,2013,Poiss&produi,136
680,Lesotho,2015,Poiss&produi,569
681,Lesotho,2014,"Sucre, total",184
682,Lesotho,2015,"Sucre, total",125
683,Liban,2013,Autres non-céréales,2
684,Liban,2013,Céréales,776
685,Liban,2014,"Fruits secs, total",390
686,Liban,2016,"Fruits secs, total",800
687,Liban,2013,Huiles végétales,848
688,Liban,2014,Huiles végétales,320
689,Liban,2013,"Légumineuses Sèches,Tot.",698
690,Liban,2014,"Légumineuses Sèches,Tot.",350
691,Liban,2013,Non-céréales,1551
692,Liban,2014,Non-céréales,1060
693,Liban,2016,Non-céréales,800
694,Liban,2013,"Riz, total",776
695,Liban,2013,"Sucre, total",3
696,Libéria,2013,Autres non-céréales,2
697,Libéria,2014,Autres non-céréales,1
698,Libéria,2013,BulgurFarEnt,80
699,Libéria,2014,BulgurFarEnt,420
700,Libéria,2013,Céréales,8520
701,Libéria,2014,Céréales,879
702,Libéria,2014,Huiles végétales,201
703,Libéria,2013,"Légumineuses Sèches,Tot.",70
704,Libéria,2014,"Légumineuses Sèches,Tot.",250
705,Libéria,2013,Mélanges et préparations,380
706,Libéria,2014,Mélanges et préparations,459
707,Libéria,2013,Non-céréales,72
708,Libéria,2014,Non-céréales,452
709,Libéria,2013,"Riz, total",8060
710,Libye,2014,Autres non-céréales,298
711,Libye,2015,Autres non-céréales,2139
712,Libye,2016,Autres non-céréales,2207
713,Libye,2014,Non-céréales,298
714,Libye,2015,Non-céréales,2139
715,Libye,2016,Non-céréales,2207
716,Madagascar,2013,Autres non-céréales,5
717,Madagascar,2014,Autres non-céréales,80
718,Madagascar,2015,Autres non-céréales,9
719,Madagascar,2013,Céréales,18721
720,Madagascar,2014,Céréales,9499
721,Madagascar,2015,Céréales,11218
722,Madagascar,2013,Céréales Secondaires,9758
723,Madagascar,2014,Céréales Secondaires,6627
724,Madagascar,2015,Céréales Secondaires,7190
725,Madagascar,2013,Huiles végétales,3422
726,Madagascar,2014,Huiles végétales,500
727,Madagascar,2015,Huiles végétales,512
728,Madagascar,2013,"Légumineuses Sèches,Tot.",2043
729,Madagascar,2014,"Légumineuses Sèches,Tot.",888
730,Madagascar,2015,"Légumineuses Sèches,Tot.",1442
731,Madagascar,2013,Mélanges et préparations,1918
732,Madagascar,2014,Mélanges et préparations,1035
733,Madagascar,2015,Mélanges et préparations,1774
734,Madagascar,2013,Non-céréales,5470
735,Madagascar,2014,Non-céréales,1468
736,Madagascar,2015,Non-céréales,1963
737,Madagascar,2013,"Riz, total",7045
738,Madagascar,2014,"Riz, total",1837
739,Madagascar,2015,"Riz, total",2254
740,Malawi,2013,Autres non-céréales,63
741,Malawi,2014,Autres non-céréales,154
742,Malawi,2015,Autres non-céréales,74
743,Malawi,2013,Blé et Farin,15000
744,Malawi,2013,Céréales,18103
745,Malawi,2014,Céréales,11327
746,Malawi,2015,Céréales,3053
747,Malawi,2013,Huiles végétales,6078
748,Malawi,2014,Huiles végétales,49
749,Malawi,2015,Huiles végétales,1027
750,Malawi,2013,"Légumineuses Sèches,Tot.",2479
751,Malawi,2014,"Légumineuses Sèches,Tot.",695
752,Malawi,2015,"Légumineuses Sèches,Tot.",1549
753,Malawi,2016,"Légumineuses Sèches,Tot.",860
754,Malawi,2013,Mélanges et préparations,3103
755,Malawi,2014,Mélanges et préparations,11327
756,Malawi,2015,Mélanges et préparations,3053
757,Malawi,2013,Non-céréales,8620
758,Malawi,2014,Non-céréales,898
759,Malawi,2015,Non-céréales,2650
760,Malawi,2016,Non-céréales,860
761,Mali,2013,Autres non-céréales,853
762,Mali,2014,Autres non-céréales,706
763,Mali,2015,Autres non-céréales,66
764,Mali,2013,Blé et Farin,1674
765,Mali,2014,Blé et Farin,10000
766,Mali,2013,BulgurFarEnt,2868
767,Mali,2013,Céréales,24688
768,Mali,2014,Céréales,19146
769,Mali,2015,Céréales,1665
770,Mali,2013,Huiles végétales,6955
771,Mali,2014,Huiles végétales,2107
772,Mali,2015,Huiles végétales,2420
773,Mali,2013,"Légumineuses Sèches,Tot.",7747
774,Mali,2014,"Légumineuses Sèches,Tot.",6163
775,Mali,2015,"Légumineuses Sèches,Tot.",2277
776,Mali,2013,Mélanges et préparations,3802
777,Mali,2014,Mélanges et préparations,8317
778,Mali,2015,Mélanges et préparations,1665
779,Mali,2013,Non-céréales,15555
780,Mali,2014,Non-céréales,8976
781,Mali,2015,Non-céréales,4763
782,Mali,2013,"Riz, total",16344
783,Mali,2014,"Riz, total",829
784,Mauritanie,2013,Autres non-céréales,89
785,Mauritanie,2014,Autres non-céréales,169
786,Mauritanie,2015,Autres non-céréales,67
787,Mauritanie,2015,Blé et Farin,2040
788,Mauritanie,2013,Céréales,8456
789,Mauritanie,2014,Céréales,3166
790,Mauritanie,2015,Céréales,6028
791,Mauritanie,2016,Céréales,1493
792,Mauritanie,2013,"Fruits secs, total",153
793,Mauritanie,2015,"Fruits secs, total",504
794,Mauritanie,2016,"Fruits secs, total",72
795,Mauritanie,2013,Huiles végétales,957
796,Mauritanie,2014,Huiles végétales,2437
797,Mauritanie,2015,Huiles végétales,268
798,Mauritanie,2013,"Légumineuses Sèches,Tot.",3133
799,Mauritanie,2014,"Légumineuses Sèches,Tot.",1116
800,Mauritanie,2015,"Légumineuses Sèches,Tot.",483
801,Mauritanie,2013,Mélanges et préparations,1560
802,Mauritanie,2014,Mélanges et préparations,358
803,Mauritanie,2015,Mélanges et préparations,2393
804,Mauritanie,2013,Non-céréales,4332
805,Mauritanie,2014,Non-céréales,3722
806,Mauritanie,2015,Non-céréales,1322
807,Mauritanie,2016,Non-céréales,72
808,Mauritanie,2013,"Riz, total",6896
809,Mauritanie,2014,"Riz, total",2808
810,Mauritanie,2015,"Riz, total",1595
811,Mauritanie,2016,"Riz, total",1493
812,Mozambique,2013,Céréales,7908
813,Mozambique,2014,Céréales,2209
814,Mozambique,2015,Céréales,1619
815,Mozambique,2013,Céréales Secondaires,504
816,Mozambique,2013,Huiles végétales,11070
817,Mozambique,2014,Huiles végétales,6500
818,Mozambique,2013,Mélanges et préparations,7404
819,Mozambique,2014,Mélanges et préparations,2209
820,Mozambique,2015,Mélanges et préparations,1619
821,Mozambique,2013,Non-céréales,11070
822,Mozambique,2014,Non-céréales,6500
823,Myanmar,2014,Autres non-céréales,5
824,Myanmar,2013,Céréales,714
825,Myanmar,2014,Céréales,691
826,Myanmar,2015,Céréales,1221
827,Myanmar,2013,Huiles végétales,2410
828,Myanmar,2014,Huiles végétales,1873
829,Myanmar,2015,Huiles végétales,2356
830,Myanmar,2013,Mélanges et préparations,714
831,Myanmar,2014,Mélanges et préparations,610
832,Myanmar,2015,Mélanges et préparations,1221
833,Myanmar,2013,Non-céréales,2410
834,Myanmar,2014,Non-céréales,1883
835,Myanmar,2015,Non-céréales,2356
836,Myanmar,2014,"Riz, total",81
837,Myanmar,2014,"Sucre, total",5
838,Népal,2015,Autres non-céréales,23
839,Népal,2013,Céréales,5283
840,Népal,2014,Céréales,150
841,Népal,2015,Céréales,5498
842,Népal,2016,Céréales,1362
843,Népal,2013,Huiles végétales,377
844,Népal,2014,Huiles végétales,275
845,Népal,2015,Huiles végétales,452
846,Népal,2016,Huiles végétales,380
847,Népal,2013,"Légumineuses Sèches,Tot.",474
848,Népal,2014,"Légumineuses Sèches,Tot.",220
849,Népal,2015,"Légumineuses Sèches,Tot.",520
850,Népal,2013,Mélanges et préparations,2647
851,Népal,2015,Mélanges et préparations,4028
852,Népal,2016,Mélanges et préparations,1232
853,Népal,2013,Non-céréales,915
854,Népal,2014,Non-céréales,495
855,Népal,2015,Non-céréales,995
856,Népal,2016,Non-céréales,380
857,Népal,2013,"Riz, total",2636
858,Népal,2014,"Riz, total",150
859,Népal,2015,"Riz, total",1470
860,Népal,2016,"Riz, total",130
861,Népal,2013,"Sucre, total",64
862,Nicaragua,2013,Autres non-céréales,368
863,Nicaragua,2014,Autres non-céréales,190
864,Nicaragua,2014,Blé et Farin,290
865,Nicaragua,2015,Blé et Farin,18800
866,Nicaragua,2013,Céréales,4509
867,Nicaragua,2014,Céréales,3143
868,Nicaragua,2015,Céréales,19445
869,Nicaragua,2016,Céréales,638
870,Nicaragua,2015,Céréales Secondaires,170
871,Nicaragua,2013,"Fruits secs, total",136
872,Nicaragua,2015,"Fruits secs, total",72
873,Nicaragua,2016,"Fruits secs, total",234
874,Nicaragua,2013,Huiles végétales,3923
875,Nicaragua,2014,Huiles végétales,4189
876,Nicaragua,2015,Huiles végétales,4180
877,Nicaragua,2013,"Lait, total",200
878,Nicaragua,2014,"Lait, total",150
879,Nicaragua,2015,"Lait, total",225
880,Nicaragua,2013,"Légumineuses Sèches,Tot.",6390
881,Nicaragua,2014,"Légumineuses Sèches,Tot.",9380
882,Nicaragua,2015,"Légumineuses Sèches,Tot.",294
883,Nicaragua,2013,Mélanges et préparations,1873
884,Nicaragua,2014,Mélanges et préparations,1423
885,Nicaragua,2015,Mélanges et préparations,150
886,Nicaragua,2016,Mélanges et préparations,497
887,Nicaragua,2013,Non-céréales,11017
888,Nicaragua,2014,Non-céréales,13909
889,Nicaragua,2015,Non-céréales,4771
890,Nicaragua,2016,Non-céréales,234
891,Nicaragua,2013,"Riz, total",2636
892,Nicaragua,2014,"Riz, total",1430
893,Nicaragua,2015,"Riz, total",325
894,Nicaragua,2016,"Riz, total",141
895,Niger,2013,Autres non-céréales,1149
896,Niger,2014,Autres non-céréales,1230
897,Niger,2015,Autres non-céréales,22
898,Niger,2016,Autres non-céréales,19
899,Niger,2013,BulgurFarEnt,5274
900,Niger,2014,BulgurFarEnt,2748
901,Niger,2015,BulgurFarEnt,2619
902,Niger,2013,Céréales,26716
903,Niger,2014,Céréales,27096
904,Niger,2015,Céréales,21534
905,Niger,2016,Céréales,40386
906,Niger,2013,Huiles végétales,1351
907,Niger,2014,Huiles végétales,1916
908,Niger,2015,Huiles végétales,1945
909,Niger,2016,Huiles végétales,1043
910,Niger,2013,"Légumineuses Sèches,Tot.",2144
911,Niger,2014,"Légumineuses Sèches,Tot.",2871
912,Niger,2015,"Légumineuses Sèches,Tot.",3827
913,Niger,2016,"Légumineuses Sèches,Tot.",4923
914,Niger,2013,Mélanges et préparations,10383
915,Niger,2014,Mélanges et préparations,12740
916,Niger,2015,Mélanges et préparations,9994
917,Niger,2016,Mélanges et préparations,5861
918,Niger,2013,Non-céréales,4644
919,Niger,2014,Non-céréales,6017
920,Niger,2015,Non-céréales,5794
921,Niger,2016,Non-céréales,5985
922,Niger,2013,"Riz, total",11059
923,Niger,2014,"Riz, total",11608
924,Niger,2015,"Riz, total",8921
925,Niger,2016,"Riz, total",34525
926,Ouganda,2015,Autres non-céréales,4
927,Ouganda,2013,Céréales,8356
928,Ouganda,2014,Céréales,13359
929,Ouganda,2015,Céréales,1578
930,Ouganda,2013,Céréales Secondaires,6435
931,Ouganda,2014,Céréales Secondaires,10375
932,Ouganda,2015,Céréales Secondaires,1578
933,Ouganda,2013,Huiles végétales,681
934,Ouganda,2014,Huiles végétales,2144
935,Ouganda,2015,Huiles végétales,470
936,Ouganda,2013,"Légumineuses Sèches,Tot.",1800
937,Ouganda,2014,"Légumineuses Sèches,Tot.",2768
938,Ouganda,2015,"Légumineuses Sèches,Tot.",1105
939,Ouganda,2013,Mélanges et préparations,1803
940,Ouganda,2014,Mélanges et préparations,2984
941,Ouganda,2013,Non-céréales,2527
942,Ouganda,2014,Non-céréales,4912
943,Ouganda,2015,Non-céréales,1579
944,Ouganda,2013,"Riz, total",118
945,Ouganda,2013,"Sucre, total",46
946,Pakistan,2013,Autres non-céréales,9
947,Pakistan,2014,Autres non-céréales,530
948,Pakistan,2015,Autres non-céréales,530
949,Pakistan,2013,Céréales,29141
950,Pakistan,2014,Céréales,32889
951,Pakistan,2013,"Fruits secs, total",158
952,Pakistan,2014,"Fruits secs, total",150
953,Pakistan,2013,Huiles végétales,7193
954,Pakistan,2014,Huiles végétales,10776
955,Pakistan,2015,Huiles végétales,9190
956,Pakistan,2013,"Légumineuses Sèches,Tot.",14181
957,Pakistan,2014,"Légumineuses Sèches,Tot.",10789
958,Pakistan,2013,Mélanges et préparations,2963
959,Pakistan,2014,Mélanges et préparations,6005
960,Pakistan,2013,Non-céréales,21541
961,Pakistan,2014,Non-céréales,22245
962,Pakistan,2015,Non-céréales,9720
963,Pakistan,2013,"Riz, total",26178
964,Pakistan,2014,"Riz, total",26884
965,Palestine,2013,Blé et Farin,20167
966,Palestine,2014,Blé et Farin,35208
967,Palestine,2015,Blé et Farin,15390
968,Palestine,2013,Céréales,20167
969,Palestine,2014,Céréales,35208
970,Palestine,2015,Céréales,15390
971,Palestine,2013,Huiles végétales,2998
972,Palestine,2014,Huiles végétales,2484
973,Palestine,2015,Huiles végétales,468
974,Palestine,2013,"Légumineuses Sèches,Tot.",1710
975,Palestine,2014,"Légumineuses Sèches,Tot.",2286
976,Palestine,2015,"Légumineuses Sèches,Tot.",774
977,Palestine,2013,Non-céréales,6476
978,Palestine,2014,Non-céréales,6359
979,Palestine,2015,Non-céréales,1242
980,Palestine,2013,Poiss&produi,148
981,Palestine,2014,Poiss&produi,95
982,Palestine,2013,"Sucre, total",1620
983,Palestine,2014,"Sucre, total",1494
984,Philippines,2013,Autres non-céréales,158
985,Philippines,2014,Autres non-céréales,144
986,Philippines,2015,Autres non-céréales,43
987,Philippines,2013,Céréales,30262
988,Philippines,2014,Céréales,31140
989,Philippines,2015,Céréales,1944
990,Philippines,2013,"Fruits secs, total",153
991,Philippines,2013,Huiles végétales,109
992,Philippines,2014,Huiles végétales,238
993,Philippines,2013,"Légumineuses Sèches,Tot.",400
994,Philippines,2014,"Légumineuses Sèches,Tot.",21190
995,Philippines,2015,"Légumineuses Sèches,Tot.",80
996,Philippines,2013,Non-céréales,820
997,Philippines,2014,Non-céréales,21572
998,Philippines,2015,Non-céréales,123
999,Philippines,2013,"Riz, total",30262
1000,Philippines,2014,"Riz, total",31140
1001,Philippines,2015,"Riz, total",1944
1002,République arabe syrienne,2013,Autres non-céréales,559
1003,République arabe syrienne,2014,Autres non-céréales,30
1004,République arabe syrienne,2015,Autres non-céréales,3196
1005,République arabe syrienne,2013,Blé et Farin,122708
1006,République arabe syrienne,2014,Blé et Farin,103823
1007,République arabe syrienne,2015,Blé et Farin,68726
1008,République arabe syrienne,2016,Blé et Farin,11428
1009,République arabe syrienne,2013,BulgurFarEnt,12033
1010,République arabe syrienne,2014,BulgurFarEnt,47816
1011,République arabe syrienne,2015,BulgurFarEnt,24673
1012,République arabe syrienne,2016,BulgurFarEnt,8581
1013,République arabe syrienne,2013,Céréales,189623
1014,République arabe syrienne,2014,Céréales,225007
1015,République arabe syrienne,2015,Céréales,181475
1016,République arabe syrienne,2016,Céréales,29569
1017,République arabe syrienne,2013,Graisses Com,50
1018,République arabe syrienne,2013,Huiles végétales,27721
1019,République arabe syrienne,2014,Huiles végétales,10717
1020,République arabe syrienne,2015,Huiles végétales,3698
1021,République arabe syrienne,2013,"Lait, total",1280
1022,République arabe syrienne,2014,"Lait, total",1438
1023,République arabe syrienne,2013,"Légumineuses Sèches,Tot.",39032
1024,République arabe syrienne,2014,"Légumineuses Sèches,Tot.",80947
1025,République arabe syrienne,2015,"Légumineuses Sèches,Tot.",44995
1026,République arabe syrienne,2016,"Légumineuses Sèches,Tot.",21752
1027,République arabe syrienne,2013,Non-céréales,92273
1028,République arabe syrienne,2014,Non-céréales,101209
1029,République arabe syrienne,2015,Non-céréales,81052
1030,République arabe syrienne,2016,Non-céréales,29710
1031,République arabe syrienne,2013,Poiss&produi,789
1032,République arabe syrienne,2013,"Riz, total",54882
1033,République arabe syrienne,2014,"Riz, total",73368
1034,République arabe syrienne,2015,"Riz, total",88076
1035,République arabe syrienne,2016,"Riz, total",9560
1036,République arabe syrienne,2013,"Sucre, total",22616
1037,République arabe syrienne,2014,"Sucre, total",7515
1038,République arabe syrienne,2015,"Sucre, total",29058
1039,République arabe syrienne,2016,"Sucre, total",7958
1040,République centrafricaine,2013,Autres non-céréales,112
1041,République centrafricaine,2014,Autres non-céréales,1412
1042,République centrafricaine,2015,Autres non-céréales,105
1043,République centrafricaine,2013,Céréales,6391
1044,République centrafricaine,2014,Céréales,9652
1045,République centrafricaine,2015,Céréales,7146
1046,République centrafricaine,2013,Céréales Secondaires,3803
1047,République centrafricaine,2014,Céréales Secondaires,2852
1048,République centrafricaine,2015,Céréales Secondaires,2595
1049,République centrafricaine,2013,Huiles végétales,722
1050,République centrafricaine,2014,Huiles végétales,739
1051,République centrafricaine,2015,Huiles végétales,1288
1052,République centrafricaine,2013,"Légumineuses Sèches,Tot.",1330
1053,République centrafricaine,2014,"Légumineuses Sèches,Tot.",1906
1054,République centrafricaine,2015,"Légumineuses Sèches,Tot.",2479
1055,République centrafricaine,2013,Mélanges et préparations,413
1056,République centrafricaine,2014,Mélanges et préparations,3672
1057,République centrafricaine,2015,Mélanges et préparations,580
1058,République centrafricaine,2013,Non-céréales,2187
1059,République centrafricaine,2014,Non-céréales,4057
1060,République centrafricaine,2015,Non-céréales,3872
1061,République centrafricaine,2013,"Riz, total",2175
1062,République centrafricaine,2014,"Riz, total",3128
1063,République centrafricaine,2015,"Riz, total",3971
1064,République centrafricaine,2013,"Sucre, total",23
1065,République démocratique du Congo,2013,Autres non-céréales,684
1066,République démocratique du Congo,2014,Autres non-céréales,831
1067,République démocratique du Congo,2015,Autres non-céréales,649
1068,République démocratique du Congo,2013,Céréales,58011
1069,République démocratique du Congo,2014,Céréales,29662
1070,République démocratique du Congo,2015,Céréales,28365
1071,République démocratique du Congo,2013,Céréales Secondaires,24094
1072,République démocratique du Congo,2014,Céréales Secondaires,24084
1073,République démocratique du Congo,2015,Céréales Secondaires,446
1074,République démocratique du Congo,2013,Huiles végétales,3605
1075,République démocratique du Congo,2014,Huiles végétales,1261
1076,République démocratique du Congo,2015,Huiles végétales,1440
1077,République démocratique du Congo,2013,"Légumineuses Sèches,Tot.",12322
1078,République démocratique du Congo,2014,"Légumineuses Sèches,Tot.",3313
1079,République démocratique du Congo,2015,"Légumineuses Sèches,Tot.",3455
1080,République démocratique du Congo,2013,Mélanges et préparations,8045
1081,République démocratique du Congo,2014,Mélanges et préparations,5578
1082,République démocratique du Congo,2015,Mélanges et préparations,27523
1083,République démocratique du Congo,2013,Non-céréales,17149
1084,République démocratique du Congo,2014,Non-céréales,5405
1085,République démocratique du Congo,2015,Non-céréales,5659
1086,République démocratique du Congo,2013,"Riz, total",25872
1087,République démocratique du Congo,2015,"Riz, total",396
1088,République démocratique du Congo,2013,"Sucre, total",538
1089,République démocratique du Congo,2015,"Sucre, total",115
1090,République démocratique populaire lao,2013,Autres non-céréales,176
1091,République démocratique populaire lao,2014,Autres non-céréales,283
1092,République démocratique populaire lao,2015,Autres non-céréales,229
1093,République démocratique populaire lao,2013,Céréales,3758
1094,République démocratique populaire lao,2014,Céréales,4434
1095,République démocratique populaire lao,2015,Céréales,2627
1096,République démocratique populaire lao,2013,Huiles végétales,359
1097,République démocratique populaire lao,2014,Huiles végétales,860
1098,République démocratique populaire lao,2015,Huiles végétales,86
1099,République démocratique populaire lao,2013,"Légumineuses Sèches,Tot.",297
1100,République démocratique populaire lao,2014,"Légumineuses Sèches,Tot.",70
1101,République démocratique populaire lao,2015,"Légumineuses Sèches,Tot.",70
1102,République démocratique populaire lao,2013,Mélanges et préparations,2609
1103,République démocratique populaire lao,2014,Mélanges et préparations,1826
1104,République démocratique populaire lao,2015,Mélanges et préparations,1378
1105,République démocratique populaire lao,2013,Non-céréales,832
1106,République démocratique populaire lao,2014,Non-céréales,1213
1107,République démocratique populaire lao,2015,Non-céréales,1136
1108,République démocratique populaire lao,2015,Poiss&produi,446
1109,République démocratique populaire lao,2013,"Riz, total",1149
1110,République démocratique populaire lao,2014,"Riz, total",2608
1111,République démocratique populaire lao,2015,"Riz, total",1249
1112,République démocratique populaire lao,2015,"Sucre, total",305
1113,République dominicaine,2013,Autres non-céréales,12
1114,République dominicaine,2015,Autres non-céréales,5
1115,République dominicaine,2016,Autres non-céréales,3
1116,République dominicaine,2014,Blé et Farin,17300
1117,République dominicaine,2014,Céréales,17507
1118,République dominicaine,2015,Céréales,113
1119,République dominicaine,2016,Céréales,113
1120,République dominicaine,2013,"Légumineuses Sèches,Tot.",24500
1121,République dominicaine,2014,Mélanges et préparations,207
1122,République dominicaine,2015,Mélanges et préparations,113
1123,République dominicaine,2016,Mélanges et préparations,113
1124,République dominicaine,2013,Non-céréales,24512
1125,République dominicaine,2015,Non-céréales,5
1126,République dominicaine,2016,Non-céréales,3
1127,République populaire démocratique de Corée,2013,Blé et Farin,25962
1128,République populaire démocratique de Corée,2014,Blé et Farin,9684
1129,République populaire démocratique de Corée,2015,Blé et Farin,13485
1130,République populaire démocratique de Corée,2013,Céréales,29544
1131,République populaire démocratique de Corée,2014,Céréales,16279
1132,République populaire démocratique de Corée,2015,Céréales,22335
1133,République populaire démocratique de Corée,2013,Céréales Secondaires,3582
1134,République populaire démocratique de Corée,2014,Céréales Secondaires,6395
1135,République populaire démocratique de Corée,2015,Céréales Secondaires,8625
1136,République populaire démocratique de Corée,2013,Huiles végétales,1681
1137,République populaire démocratique de Corée,2014,Huiles végétales,1280
1138,République populaire démocratique de Corée,2015,Huiles végétales,3111
1139,République populaire démocratique de Corée,2013,"Lait, total",900
1140,République populaire démocratique de Corée,2014,"Lait, total",1772
1141,République populaire démocratique de Corée,2015,"Lait, total",1375
1142,République populaire démocratique de Corée,2016,"Lait, total",775
1143,République populaire démocratique de Corée,2013,"Légumineuses Sèches,Tot.",1867
1144,République populaire démocratique de Corée,2014,"Légumineuses Sèches,Tot.",648
1145,République populaire démocratique de Corée,2015,"Légumineuses Sèches,Tot.",6776
1146,République populaire démocratique de Corée,2013,Non-céréales,6118
1147,République populaire démocratique de Corée,2014,Non-céréales,5312
1148,République populaire démocratique de Corée,2015,Non-céréales,12918
1149,République populaire démocratique de Corée,2016,Non-céréales,1200
1150,République populaire démocratique de Corée,2014,"Riz, total",200
1151,République populaire démocratique de Corée,2015,"Riz, total",225
1152,République populaire démocratique de Corée,2013,"Sucre, total",1670
1153,République populaire démocratique de Corée,2014,"Sucre, total",1612
1154,République populaire démocratique de Corée,2015,"Sucre, total",1656
1155,République populaire démocratique de Corée,2016,"Sucre, total",425
1156,République-Unie de Tanzanie,2013,Blé et Farin,11830
1157,République-Unie de Tanzanie,2014,Blé et Farin,30000
1158,République-Unie de Tanzanie,2015,Blé et Farin,24000
1159,République-Unie de Tanzanie,2013,Céréales,19345
1160,République-Unie de Tanzanie,2014,Céréales,35455
1161,République-Unie de Tanzanie,2015,Céréales,25311
1162,République-Unie de Tanzanie,2013,Céréales Secondaires,3626
1163,République-Unie de Tanzanie,2014,Céréales Secondaires,2760
1164,République-Unie de Tanzanie,2013,"Fruits secs, total",153
1165,République-Unie de Tanzanie,2015,"Fruits secs, total",54
1166,République-Unie de Tanzanie,2013,Huiles végétales,357
1167,République-Unie de Tanzanie,2014,Huiles végétales,368
1168,République-Unie de Tanzanie,2015,Huiles végétales,185
1169,République-Unie de Tanzanie,2013,"Légumineuses Sèches,Tot.",1703
1170,République-Unie de Tanzanie,2014,"Légumineuses Sèches,Tot.",2480
1171,République-Unie de Tanzanie,2015,"Légumineuses Sèches,Tot.",600
1172,République-Unie de Tanzanie,2013,Mélanges et préparations,2560
1173,République-Unie de Tanzanie,2014,Mélanges et préparations,1925
1174,République-Unie de Tanzanie,2015,Mélanges et préparations,1311
1175,République-Unie de Tanzanie,2013,Non-céréales,2213
1176,République-Unie de Tanzanie,2014,Non-céréales,2848
1177,République-Unie de Tanzanie,2015,Non-céréales,839
1178,République-Unie de Tanzanie,2013,"Riz, total",1329
1179,République-Unie de Tanzanie,2014,"Riz, total",770
1180,Rwanda,2013,Céréales,3139
1181,Rwanda,2014,Céréales,880
1182,Rwanda,2013,Huiles végétales,689
1183,Rwanda,2014,Huiles végétales,312
1184,Rwanda,2013,"Légumineuses Sèches,Tot.",638
1185,Rwanda,2013,Mélanges et préparations,497
1186,Rwanda,2014,Mélanges et préparations,880
1187,Rwanda,2013,Non-céréales,1327
1188,Rwanda,2014,Non-céréales,358
1189,Rwanda,2013,"Riz, total",2642
1190,Rwanda,2014,"Sucre, total",46
1191,Sao Tomé-et-Principe,2013,Céréales,280
1192,Sao Tomé-et-Principe,2014,Céréales,428
1193,Sao Tomé-et-Principe,2013,Huiles végétales,36
1194,Sao Tomé-et-Principe,2013,"Légumineuses Sèches,Tot.",129
1195,Sao Tomé-et-Principe,2014,"Légumineuses Sèches,Tot.",40
1196,Sao Tomé-et-Principe,2013,Non-céréales,165
1197,Sao Tomé-et-Principe,2014,Non-céréales,40
1198,Sao Tomé-et-Principe,2013,"Riz, total",280
1199,Sao Tomé-et-Principe,2014,"Riz, total",428
1200,Sénégal,2013,Autres non-céréales,332
1201,Sénégal,2014,Autres non-céréales,47
1202,Sénégal,2015,Autres non-céréales,117
1203,Sénégal,2013,BulgurFarEnt,630
1204,Sénégal,2013,Céréales,4260
1205,Sénégal,2014,Céréales,7346
1206,Sénégal,2015,Céréales,1814
1207,Sénégal,2013,Huiles végétales,1101
1208,Sénégal,2014,Huiles végétales,427
1209,Sénégal,2015,Huiles végétales,10019
1210,Sénégal,2013,"Légumineuses Sèches,Tot.",9901
1211,Sénégal,2014,"Légumineuses Sèches,Tot.",9180
1212,Sénégal,2013,Mélanges et préparations,2755
1213,Sénégal,2014,Mélanges et préparations,1644
1214,Sénégal,2015,Mélanges et préparations,184
1215,Sénégal,2013,Non-céréales,11671
1216,Sénégal,2014,Non-céréales,9654
1217,Sénégal,2015,Non-céréales,10136
1218,Sénégal,2013,Poiss&produi,337
1219,Sénégal,2013,"Riz, total",875
1220,Sénégal,2014,"Riz, total",5702
1221,Sénégal,2015,"Riz, total",1630
1222,Sierra Leone,2013,BulgurFarEnt,1188
1223,Sierra Leone,2014,BulgurFarEnt,1738
1224,Sierra Leone,2013,Céréales,8031
1225,Sierra Leone,2014,Céréales,2858
1226,Sierra Leone,2015,Céréales,268
1227,Sierra Leone,2013,Huiles végétales,670
1228,Sierra Leone,2014,Huiles végétales,410
1229,Sierra Leone,2013,"Légumineuses Sèches,Tot.",240
1230,Sierra Leone,2014,"Légumineuses Sèches,Tot.",310
1231,Sierra Leone,2015,"Légumineuses Sèches,Tot.",184
1232,Sierra Leone,2013,Mélanges et préparations,1018
1233,Sierra Leone,2014,Mélanges et préparations,1120
1234,Sierra Leone,2015,Mélanges et préparations,268
1235,Sierra Leone,2013,Non-céréales,910
1236,Sierra Leone,2014,Non-céréales,720
1237,Sierra Leone,2015,Non-céréales,184
1238,Sierra Leone,2013,"Riz, total",5825
1239,Somalie,2013,Autres non-céréales,1600
1240,Somalie,2014,Autres non-céréales,1237
1241,Somalie,2015,Autres non-céréales,596
1242,Somalie,2013,Blé et Farin,556
1243,Somalie,2015,Blé et Farin,560
1244,Somalie,2013,Céréales,56643
1245,Somalie,2014,Céréales,32131
1246,Somalie,2015,Céréales,30626
1247,Somalie,2013,Céréales Secondaires,43100
1248,Somalie,2014,Céréales Secondaires,24370
1249,Somalie,2015,Céréales Secondaires,25470
1250,Somalie,2013,"Fruits secs, total",221
1251,Somalie,2015,"Fruits secs, total",54
1252,Somalie,2013,Huiles végétales,3959
1253,Somalie,2014,Huiles végétales,2279
1254,Somalie,2015,Huiles végétales,1690
1255,Somalie,2014,"Lait, total",651
1256,Somalie,2013,"Légumineuses Sèches,Tot.",7477
1257,Somalie,2014,"Légumineuses Sèches,Tot.",4292
1258,Somalie,2015,"Légumineuses Sèches,Tot.",2883
1259,Somalie,2013,Mélanges et préparations,9837
1260,Somalie,2014,Mélanges et préparations,7761
1261,Somalie,2015,Mélanges et préparations,4596
1262,Somalie,2013,Non-céréales,13257
1263,Somalie,2014,Non-céréales,8459
1264,Somalie,2015,Non-céréales,5223
1265,Somalie,2013,"Riz, total",3150
1266,Soudan,2014,Autres non-céréales,250
1267,Soudan,2015,Autres non-céréales,255
1268,Soudan,2014,Blé et Farin,1672
1269,Soudan,2015,Blé et Farin,2183
1270,Soudan,2013,Céréales,140255
1271,Soudan,2014,Céréales,145696
1272,Soudan,2015,Céréales,5988
1273,Soudan,2013,Céréales Secondaires,130677
1274,Soudan,2014,Céréales Secondaires,133830
1275,Soudan,2013,Huiles végétales,6251
1276,Soudan,2014,Huiles végétales,3960
1277,Soudan,2015,Huiles végétales,110
1278,Soudan,2013,"Lait, total",900
1279,Soudan,2014,"Lait, total",825
1280,Soudan,2013,"Légumineuses Sèches,Tot.",17663
1281,Soudan,2014,"Légumineuses Sèches,Tot.",10221
1282,Soudan,2015,"Légumineuses Sèches,Tot.",2472
1283,Soudan,2013,Mélanges et préparations,9578
1284,Soudan,2014,Mélanges et préparations,10194
1285,Soudan,2015,Mélanges et préparations,3805
1286,Soudan,2013,Non-céréales,24860
1287,Soudan,2014,Non-céréales,15256
1288,Soudan,2015,Non-céréales,2837
1289,Soudan,2013,"Sucre, total",46
1290,Soudan du Sud,2013,Autres non-céréales,372
1291,Soudan du Sud,2014,Autres non-céréales,3550
1292,Soudan du Sud,2015,Autres non-céréales,428
1293,Soudan du Sud,2013,Céréales,83113
1294,Soudan du Sud,2014,Céréales,213730
1295,Soudan du Sud,2015,Céréales,13851
1296,Soudan du Sud,2013,Céréales Secondaires,83113
1297,Soudan du Sud,2014,Céréales Secondaires,213730
1298,Soudan du Sud,2015,Céréales Secondaires,9000
1299,Soudan du Sud,2013,Huiles végétales,4936
1300,Soudan du Sud,2014,Huiles végétales,3731
1301,Soudan du Sud,2015,Huiles végétales,3844
1302,Soudan du Sud,2013,"Légumineuses Sèches,Tot.",9593
1303,Soudan du Sud,2014,"Légumineuses Sèches,Tot.",3961
1304,Soudan du Sud,2015,"Légumineuses Sèches,Tot.",6031
1305,Soudan du Sud,2015,Mélanges et préparations,301
1306,Soudan du Sud,2013,Non-céréales,15052
1307,Soudan du Sud,2014,Non-céréales,11575
1308,Soudan du Sud,2015,Non-céréales,10303
1309,Soudan du Sud,2015,"Riz, total",4550
1310,Soudan du Sud,2013,"Sucre, total",151
1311,Soudan du Sud,2014,"Sucre, total",333
1312,Sri Lanka,2013,Céréales,2116
1313,Sri Lanka,2014,Céréales,1392
1314,Sri Lanka,2015,Céréales,898
1315,Sri Lanka,2013,"Fruits secs, total",238
1316,Sri Lanka,2015,"Fruits secs, total",54
1317,Sri Lanka,2013,Huiles végétales,385
1318,Sri Lanka,2014,Huiles végétales,569
1319,Sri Lanka,2015,Huiles végétales,328
1320,Sri Lanka,2016,Huiles végétales,164
1321,Sri Lanka,2013,"Légumineuses Sèches,Tot.",974
1322,Sri Lanka,2014,"Légumineuses Sèches,Tot.",963
1323,Sri Lanka,2015,"Légumineuses Sèches,Tot.",482
1324,Sri Lanka,2013,Mélanges et préparations,1007
1325,Sri Lanka,2014,Mélanges et préparations,221
1326,Sri Lanka,2015,Mélanges et préparations,346
1327,Sri Lanka,2013,Non-céréales,1710
1328,Sri Lanka,2014,Non-céréales,2131
1329,Sri Lanka,2015,Non-céréales,864
1330,Sri Lanka,2016,Non-céréales,164
1331,Sri Lanka,2013,Poiss&produi,112
1332,Sri Lanka,2014,Poiss&produi,595
1333,Sri Lanka,2013,"Riz, total",1109
1334,Sri Lanka,2014,"Riz, total",1171
1335,Sri Lanka,2015,"Riz, total",552
1336,Sri Lanka,2013,"Sucre, total",1
1337,Sri Lanka,2014,"Sucre, total",4
1338,Sri Lanka,2015,"Sucre, total",0
1339,Swaziland,2013,Céréales,3854
1340,Swaziland,2014,Céréales,775
1341,Swaziland,2013,Céréales Secondaires,372
1342,Swaziland,2013,Huiles végétales,478
1343,Swaziland,2014,Huiles végétales,54
1344,Swaziland,2013,"Légumineuses Sèches,Tot.",2077
1345,Swaziland,2014,"Légumineuses Sèches,Tot.",526
1346,Swaziland,2013,Mélanges et préparations,476
1347,Swaziland,2013,Non-céréales,2555
1348,Swaziland,2014,Non-céréales,580
1349,Swaziland,2013,"Riz, total",3006
1350,Swaziland,2014,"Riz, total",775
1351,Tadjikistan,2013,Autres non-céréales,32
1352,Tadjikistan,2014,Autres non-céréales,58
1353,Tadjikistan,2013,Blé et Farin,22
1354,Tadjikistan,2014,Blé et Farin,23
1355,Tadjikistan,2013,Céréales,78
1356,Tadjikistan,2014,Céréales,146
1357,Tadjikistan,2014,Céréales Secondaires,40
1358,Tadjikistan,2013,Huiles végétales,200
1359,Tadjikistan,2014,Huiles végétales,238
1360,Tadjikistan,2013,"Lait, total",25
1361,Tadjikistan,2014,"Lait, total",147
1362,Tadjikistan,2015,"Lait, total",0
1363,Tadjikistan,2013,"Légumineuses Sèches,Tot.",38
1364,Tadjikistan,2013,Mélanges et préparations,49
1365,Tadjikistan,2014,Mélanges et préparations,57
1366,Tadjikistan,2013,Non-céréales,295
1367,Tadjikistan,2014,Non-céréales,495
1368,Tadjikistan,2015,Non-céréales,0
1369,Tadjikistan,2013,"Riz, total",7
1370,Tadjikistan,2014,"Riz, total",26
1371,Tadjikistan,2014,Viande Total,52
1372,Tchad,2013,Autres non-céréales,1705
1373,Tchad,2014,Autres non-céréales,773
1374,Tchad,2013,BulgurFarEnt,3127
1375,Tchad,2013,Céréales,36551
1376,Tchad,2014,Céréales,42874
1377,Tchad,2015,Céréales,30028
1378,Tchad,2013,Céréales Secondaires,25997
1379,Tchad,2014,Céréales Secondaires,40844
1380,Tchad,2015,Céréales Secondaires,24870
1381,Tchad,2015,"Fruits secs, total",90
1382,Tchad,2013,Huiles végétales,2568
1383,Tchad,2014,Huiles végétales,1915
1384,Tchad,2015,Huiles végétales,2210
1385,Tchad,2016,Huiles végétales,1216
1386,Tchad,2013,"Lait, total",0
1387,Tchad,2013,"Légumineuses Sèches,Tot.",5842
1388,Tchad,2014,"Légumineuses Sèches,Tot.",3141
1389,Tchad,2015,"Légumineuses Sèches,Tot.",4511
1390,Tchad,2013,Mélanges et préparations,6652
1391,Tchad,2014,Mélanges et préparations,2030
1392,Tchad,2015,Mélanges et préparations,5158
1393,Tchad,2013,Non-céréales,10414
1394,Tchad,2014,Non-céréales,6089
1395,Tchad,2015,Non-céréales,6811
1396,Tchad,2016,Non-céréales,1216
1397,Tchad,2013,"Riz, total",775
1398,Tchad,2013,"Sucre, total",299
1399,Tchad,2014,"Sucre, total",260
1400,Timor-Leste,2013,Céréales,22
1401,Timor-Leste,2013,Huiles végétales,36
1402,Timor-Leste,2013,Mélanges et préparations,22
1403,Timor-Leste,2013,Non-céréales,36
1404,Togo,2013,Autres non-céréales,2
1405,Togo,2013,Blé et Farin,10712
1406,Togo,2013,Céréales,12400
1407,Togo,2013,Non-céréales,2
1408,Togo,2013,"Riz, total",1688
1409,Vanuatu,2015,Blé et Farin,23
1410,Vanuatu,2015,Céréales,331
1411,Vanuatu,2015,Non-céréales,70
1412,Vanuatu,2015,Poiss&produi,70
1413,Vanuatu,2015,"Riz, total",308
1414,Yémen,2013,Autres non-céréales,1291
1415,Yémen,2014,Autres non-céréales,211
1416,Yémen,2015,Autres non-céréales,1198
1417,Yémen,2016,Autres non-céréales,5238
1418,Yémen,2013,Blé et Farin,116637
1419,Yémen,2014,Blé et Farin,22680
1420,Yémen,2015,Blé et Farin,117854
1421,Yémen,2016,Blé et Farin,179332
1422,Yémen,2013,Céréales,117155
1423,Yémen,2014,Céréales,26949
1424,Yémen,2015,Céréales,151251
1425,Yémen,2016,Céréales,196027
1426,Yémen,2016,"Fruits secs, total",247
1427,Yémen,2013,Huiles végétales,4572
1428,Yémen,2014,Huiles végétales,8203
1429,Yémen,2015,Huiles végétales,8131
1430,Yémen,2016,Huiles végétales,9880
1431,Yémen,2013,"Légumineuses Sèches,Tot.",9203
1432,Yémen,2014,"Légumineuses Sèches,Tot.",16476
1433,Yémen,2015,"Légumineuses Sèches,Tot.",17724
1434,Yémen,2016,"Légumineuses Sèches,Tot.",18648
1435,Yémen,2013,Mélanges et préparations,68
1436,Yémen,2014,Mélanges et préparations,3169
1437,Yémen,2015,Mélanges et préparations,31600
1438,Yémen,2016,Mélanges et préparations,16695
1439,Yémen,2013,Non-céréales,15227
1440,Yémen,2014,Non-céréales,24971
1441,Yémen,2015,Non-céréales,34902
1442,Yémen,2016,Non-céréales,36760
1443,Yémen,2015,Poiss&produi,232
1444,Yémen,2016,Poiss&produi,72
1445,Yémen,2013,"Riz, total",450
1446,Yémen,2014,"Riz, total",1100
1447,Yémen,2015,"Riz, total",1797
1448,Yémen,2013,"Sucre, total",161
1449,Yémen,2014,"Sucre, total",81
1450,Yémen,2015,"Sucre, total",7617
1451,Yémen,2016,"Sucre, total",2675
1452,Zambie,2014,Céréales,1349
1453,Zambie,2014,Céréales Secondaires,1349
1454,Zambie,2013,Huiles végétales,164
1455,Zambie,2013,Non-céréales,164
1456,Zimbabwe,2013,Autres non-céréales,1
1457,Zimbabwe,2013,Céréales,5604
1458,Zimbabwe,2014,Céréales,10990
1459,Zimbabwe,2015,Céréales,7053
1460,Zimbabwe,2013,Céréales Secondaires,5330
1461,Zimbabwe,2014,Céréales Secondaires,5866
1462,Zimbabwe,2015,Céréales Secondaires,6957
1463,Zimbabwe,2013,Huiles végétales,871
1464,Zimbabwe,2014,Huiles végétales,1514
1465,Zimbabwe,2015,Huiles végétales,306
1466,Zimbabwe,2013,"Légumineuses Sèches,Tot.",4150
1467,Zimbabwe,2014,"Légumineuses Sèches,Tot.",796
1468,Zimbabwe,2013,Mélanges et préparations,210
1469,Zimbabwe,2014,Mélanges et préparations,5124
1470,Zimbabwe,2015,Mélanges et préparations,96
1471,Zimbabwe,2013,Non-céréales,5022
1472,Zimbabwe,2014,Non-céréales,2310
1473,Zimbabwe,2015,Non-céréales,306
1474,Zimbabwe,2013,"Riz, total",64
